epoch,loss,val_loss
0,0.006614637561142445,0.004960956983268261
1,0.002696763491258025,0.004435538314282894
2,0.0023761705961078405,0.0034875429701060057
3,0.002177454298362136,0.003605304751545191
4,0.002068857429549098,0.0038372401613742113
5,0.0020041000097990036,0.0037796308752149343
6,0.001938883331604302,0.0036302744410932064
7,0.001991031924262643,0.003980028908699751
8,0.001865455531515181,0.005414324346929789
0,0.009704262018203735,0.005792316980659962
1,0.0029307676013559103,0.004366650246083736
2,0.002480495721101761,0.005055077839642763
3,0.002225033938884735,0.003741074586287141
4,0.0021575819700956345,0.0033863307908177376
5,0.0020436402410268784,0.0038683931343257427
6,0.001984120812267065,0.0034871750976890326
7,0.0019439798779785633,0.00382276251912117
8,0.0018909000791609287,0.0037176485639065504
9,0.0018308646976947784,0.0035371643025428057
10,0.0017868601717054844,0.004529461730271578
0,0.0066208261996507645,0.004112984053790569
1,0.0025461900513619184,0.003322019474580884
2,0.002301942091435194,0.003338801907375455
3,0.00216255453415215,0.003632408333942294
4,0.0020793962758034468,0.0044754487462341785
5,0.0019821214955300093,0.004589571617543697
6,0.0019125492544844747,0.0037194278556853533
7,0.0018896596739068627,0.004333163145929575
0,0.026429058983922005,0.0077803898602724075
1,0.003758911043405533,0.008749719709157944
2,0.003474953817203641,0.007409348618239164
3,0.003317390102893114,0.006868539843708277
4,0.0031540135387331247,0.007001189514994621
5,0.0027793729677796364,0.004446480888873339
6,0.0025243349373340607,0.004649844951927662
7,0.0024072988890111446,0.004043392837047577
8,0.002340641338378191,0.004220157396048307
9,0.0023116429802030325,0.004673477727919817
10,0.002209329279139638,0.003910587634891272
11,0.0688389390707016,0.01801670528948307
12,0.00883823074400425,0.008656744845211506
13,0.007967233657836914,0.00850337278097868
14,0.005172695964574814,0.007875297218561172
15,0.004543008748441935,0.007279358338564634
16,0.004152300767600536,0.007634671870619059
0,0.012029753066599369,0.007891573011875153
1,0.003252785187214613,0.004449441097676754
2,0.0027278722263872623,0.0044182981364429
3,0.0025136901531368494,0.0036011827178299427
4,0.0025190480519086123,0.0034052194096148014
5,0.0022228024899959564,0.003411737969145179
6,0.0021594464778900146,0.0046674944460392
7,0.002059970051050186,0.0037695819046348333
8,0.00201471452601254,0.004288076888769865
9,0.0027428092435002327,0.004518371541053057
10,0.002261330373585224,0.0033349539153277874
11,0.002152963075786829,0.003651590319350362
12,0.0020683319307863712,0.003393137827515602
13,0.001999608939513564,0.003252920927479863
14,0.0128905288875103,0.01240673940628767
15,0.005536878015846014,0.008178685791790485
16,0.0038157599046826363,0.007741367444396019
17,0.0034442206379026175,0.007870571687817574
18,0.003171212039887905,0.0059775859117507935
19,0.0029437339399009943,0.006538996938616037
0,0.03679296001791954,0.008945533074438572
1,0.00567367160692811,0.008584435097873211
2,0.004743541590869427,0.007262895815074444
3,0.004039522260427475,0.006868831813335419
4,0.0036635908763855696,0.006272997707128525
5,0.0033197449520230293,0.005733896512538195
6,0.0030403786804527044,0.00468818424269557
7,0.002898587379604578,0.00675978884100914
8,0.006844799499958754,0.007228322327136993
9,0.004043447785079479,0.007418572902679443
10,0.0038244365714490414,0.007365505211055279
11,0.003703307593241334,0.009044215083122253
12,0.004906752612441778,0.007443492766469717
0,0.010583661496639252,0.007816093042492867
1,0.0034513669088482857,0.00521459337323904
2,0.0028553304728120565,0.004087097942829132
3,0.0025818010326474905,0.0039599123410880566
4,0.0024007747415453196,0.004566064570099115
5,0.002315475605428219,0.0036694162990897894
6,0.007887978106737137,0.007140314672142267
7,0.0035686118062585592,0.006098340265452862
8,0.003179453080520034,0.005333455745130777
9,0.0028876354917883873,0.004450309090316296
10,0.003801928134635091,0.006394590251147747
11,0.25804653763771057,0.294547975063324
0,0.012185708619654179,0.004888981115072966
1,0.0028982325457036495,0.004150671884417534
2,0.002542862668633461,0.0034578468184918165
3,0.002435716800391674,0.0036723522935062647
4,0.002364566782489419,0.003245060797780752
5,0.0025619661901146173,0.0036041478160768747
6,0.0022599652875214815,0.003514879383146763
7,0.002187067409977317,0.0036847542505711317
8,0.0021675019524991512,0.004275807179510593
9,0.002106735482811928,0.003922449890524149
10,0.0020720961038023233,0.0037854034453630447
0,0.01362713985145092,0.008186347782611847
1,0.0039931596256792545,0.0075752465054392815
2,0.0034935511648654938,0.006722301710397005
3,0.0031606750562787056,0.004548629745841026
4,0.002765130717307329,0.004690257832407951
5,0.0026240383740514517,0.0043274275958538055
6,0.002563720801845193,0.003951688297092915
7,0.0024851327762007713,0.003813209943473339
8,0.002361963503062725,0.004178940784186125
9,0.12013709545135498,1.3910621404647827
10,0.6721795797348022,0.3241046965122223
11,0.5320215821266174,1.2070591449737549
12,0.8187886476516724,0.4782159924507141
13,0.2698412537574768,0.17254997789859772
0,0.19042889773845673,0.043431758880615234
1,0.016621587797999382,0.013809106312692165
2,0.008490564301609993,0.014137623831629753
3,0.007141257636249065,0.010631787590682507
4,0.006493526045233011,0.010501177981495857
5,0.007071200758218765,0.010450154542922974
6,0.006384169217199087,0.010479005984961987
7,0.00615214928984642,0.011610855348408222
8,0.0060199834406375885,0.009732690639793873
9,0.005874785594642162,0.01071783248335123
10,0.005802227184176445,0.010549111291766167
11,0.005767160560935736,0.010965325869619846
12,0.00567114120349288,0.012544278055429459
13,0.005588221363723278,0.012176845222711563
14,0.005686171818524599,0.01063764188438654
0,0.01894918829202652,0.00817860197275877
1,0.004350567702203989,0.009182092733681202
2,0.6926185488700867,0.22606277465820312
3,0.07987271249294281,0.03299922123551369
4,0.010833578184247017,0.011316795833408833
5,0.008729993365705013,0.011800173670053482
6,0.00841495580971241,0.016229018568992615
0,0.029795687645673752,0.010413026437163353
1,0.004920018371194601,0.008793924003839493
2,0.004535219166427851,0.009126842953264713
3,0.004128068685531616,0.009574133902788162
4,0.0037403875030577183,0.007132004480808973
5,0.005605163052678108,0.006881594657897949
6,0.003346365178003907,0.0059122140519320965
7,0.0030410964973270893,0.006865596864372492
8,0.0034470385871827602,0.007278367877006531
9,0.0031272382475435734,0.005331761669367552
10,0.002838295418769121,0.005100113805383444
11,0.0029300737660378218,0.00483250105753541
12,0.002741798758506775,0.0044362242333590984
13,0.06756942719221115,0.021681593731045723
14,0.01090857945382595,0.011098034679889679
15,0.00618056021630764,0.008281574584543705
16,0.005593761336058378,0.007545928005129099
17,0.008745410479605198,0.009951015934348106
18,0.006987616885453463,0.008400194346904755
0,0.006384727079421282,0.004946338478475809
1,0.0026991241611540318,0.004981739912182093
2,0.002320994855836034,0.0035385696683079004
3,0.0021227330435067415,0.0034251196775585413
4,0.002021004445850849,0.003956426400691271
5,0.0019303490407764912,0.004273285623639822
6,0.0018543795449659228,0.003946057520806789
7,0.001772880321368575,0.004111472051590681
8,0.0017097943928092718,0.004416154231876135
9,0.0016603588592261076,0.004941430874168873
0,0.007338351104408503,0.0058669536374509335
1,0.0027425826992839575,0.004195396322757006
2,0.0024285074323415756,0.0037914097774773836
3,0.0021875565871596336,0.003951949067413807
4,0.002064016880467534,0.0034506735391914845
5,0.001978236250579357,0.0035438467748463154
6,0.0018917849520221353,0.0034370687790215015
7,0.001807981519959867,0.003473983844742179
8,0.0017475568456575274,0.004343943204730749
9,0.0017049011075869203,0.0041159712709486485
10,0.0016370848752558231,0.003672607010230422
11,0.001578098046593368,0.004301672335714102
12,0.0015216304454952478,0.004191472195088863
0,0.007370879873633385,0.00690570380538702
1,0.002802950097247958,0.004865002818405628
2,0.002441305434331298,0.004283946938812733
3,0.0022010658867657185,0.003369764657691121
4,0.002068324014544487,0.0035170349292457104
5,0.0019768846686929464,0.0038681880105286837
6,0.0019109142012894154,0.0035216184332966805
7,0.001833915594033897,0.00492182606831193
8,0.0018089732620865107,0.004503053147345781
9,0.0017441055970266461,0.004893666598945856
0,0.010460897348821163,0.007045345846563578
1,0.0030384082347154617,0.00433684978634119
2,0.0025959271006286144,0.004916155245155096
3,0.0023356624878942966,0.003560846671462059
4,0.002222770359367132,0.0036893873475492
5,0.0021555181592702866,0.0036533442325890064
6,0.0020764819346368313,0.0033699767664074898
7,0.002014746656641364,0.003833163296803832
8,0.0019353461684659123,0.004402265418320894
9,0.001951477606780827,0.003393113147467375
10,0.0019016223959624767,0.0038821531925350428
11,0.0018396954983472824,0.004408028442412615
12,0.0018499306170269847,0.00503933010622859
0,0.05339997261762619,0.011419775895774364
1,0.005450087133795023,0.00779503071680665
2,0.004196030553430319,0.007035029586404562
3,0.0036247363314032555,0.00581501005217433
4,0.003315398469567299,0.005979827605187893
5,0.0030306309927254915,0.004588646814227104
6,0.005090164951980114,0.00882343016564846
7,0.0041960314847528934,0.007207527756690979
8,0.0037322863936424255,0.007373305968940258
9,0.003483380889520049,0.006714333314448595
10,0.06803587824106216,0.27040573954582214
11,0.09424762427806854,0.042685363441705704
0,0.012654821388423443,0.00805097259581089
1,0.003705985378473997,0.007094366475939751
2,0.0031805699691176414,0.005834995768964291
3,0.0028908702079206705,0.004441823344677687
4,0.002606322057545185,0.004205835517495871
5,0.0024391247425228357,0.004375053104013205
6,0.002396182157099247,0.003546354128047824
7,0.002176000038161874,0.003972113132476807
8,0.002095225267112255,0.004119107965379953
9,0.0020597209222614765,0.0040178121998906136
10,0.001978198066353798,0.004423544276505709
11,0.0019560805521905422,0.0035700800362974405
12,0.0018619232578203082,0.003919678740203381
0,0.006059335079044104,0.006537341047078371
1,0.0030382629483938217,0.005323947407305241
2,0.0028396889101713896,0.004799077287316322
3,0.0026497181970626116,0.004110769368708134
4,0.0025252492632716894,0.0033655620645731688
5,0.0024790100287646055,0.0036439092364162207
6,0.002393994713202119,0.004116248805075884
7,0.0024215576704591513,0.004483353346586227
8,0.0024065913166850805,0.0038341970648616552
9,0.002364029409363866,0.0046516587026417255
10,0.0023655311670154333,0.004381283652037382
0,0.005759556312114,0.008393588475883007
1,0.0031912049744278193,0.005621115677058697
2,0.0028831176459789276,0.004786981735378504
3,0.0027760930825024843,0.004258072469383478
4,0.002632659859955311,0.0036482494324445724
5,0.002532872837036848,0.004122034180909395
6,0.002491069259122014,0.0037397174164652824
7,0.00242313533090055,0.0036072288639843464
8,0.002405244391411543,0.0034490872640162706
9,0.002375365002080798,0.0036116507835686207
10,0.0023786744568496943,0.0037834052927792072
11,0.0023229923099279404,0.0037867031060159206
12,0.002328713657334447,0.004117597825825214
13,0.002315731719136238,0.004448906052857637
14,0.0053160483948886395,0.014519546180963516
0,0.005658626556396484,0.006607703398913145
1,0.0030568763613700867,0.004301711451262236
2,0.0028042385820299387,0.0043363869190216064
3,0.0027043509762734175,0.0038935081101953983
4,0.0025543994270265102,0.0036267046816647053
5,0.00245681987144053,0.0037783882580697536
6,0.002416561357676983,0.003865618957206607
7,0.002373265800997615,0.0047303903847932816
8,0.0023446378763765097,0.0042032296769320965
9,0.0023156830575317144,0.0049962266348302364
10,0.002348956884816289,0.003998360596597195
0,0.017467986792325974,0.012377157807350159
1,0.005831423215568066,0.007611732464283705
2,0.0032769660465419292,0.005672278348356485
3,0.002580061322078109,0.004416386131197214
4,0.0023019355721771717,0.003829219378530979
5,0.0021337412763386965,0.003484624670818448
6,0.0019982964731752872,0.004532577469944954
7,0.0019139678915962577,0.005046573467552662
8,0.0018237011972814798,0.005267065484076738
9,0.0017555400263518095,0.0042483205907046795
10,0.0016801513265818357,0.004573145415633917
11,0.0015832806238904595,0.005001927725970745
0,0.006072851829230785,0.004987373948097229
1,0.002675406401976943,0.0036896264646202326
2,0.00233091926202178,0.0031531446147710085
3,0.0021433790680021048,0.003377020126208663
4,0.002005493501201272,0.0037738080136477947
5,0.0019010590622201562,0.003483811393380165
6,0.0017917605582624674,0.0038503347896039486
7,0.0017161756986752152,0.004022551700472832
8,0.0016272526700049639,0.0040573482401669025
0,0.00629837904125452,0.006032102275639772
1,0.0027280773501843214,0.00463959900662303
2,0.002318162936717272,0.0033063851296901703
3,0.0021051273215562105,0.0034942403435707092
4,0.0019653213676065207,0.0032789732795208693
5,0.0018625601660460234,0.004003625828772783
6,0.0017888756701722741,0.004486810881644487
7,0.0017003456596285105,0.003388000186532736
8,0.0016279480187222362,0.003848789259791374
9,0.0015554953133687377,0.003960653208196163
10,0.0014847407583147287,0.0038315379060804844
0,0.00784533191472292,0.004534340463578701
1,0.0025860643945634365,0.0034216491039842367
2,0.002271478297188878,0.0032942804973572493
3,0.002170032821595669,0.0037715567741543055
4,0.002085945103317499,0.00395143311470747
5,0.0019947984255850315,0.003443042514845729
6,0.0019147652201354504,0.0038767908699810505
7,0.001890803687274456,0.004310982767492533
8,0.001815182389691472,0.004987149033695459
0,0.009532200172543526,0.007224282715469599
1,0.002893751487135887,0.0037167866248637438
2,0.0024391491897404194,0.0030520677100867033
3,0.002233460545539856,0.0037452036049216986
4,0.002158922143280506,0.0040705883875489235
5,0.0020621265284717083,0.00396409397944808
6,0.0019825345370918512,0.0032587344758212566
7,0.008482201024889946,0.006340818479657173
8,0.00258629466407001,0.003473903751000762
0,0.007925502024590969,0.006711513735353947
1,0.0027597842272371054,0.003683817805722356
2,0.002393960254266858,0.0037937057204544544
3,0.0021869451738893986,0.0034807599149644375
4,0.002096673008054495,0.004113470204174519
5,0.001992081757634878,0.00382649851962924
6,0.0019435025751590729,0.003940599970519543
7,0.001840944983996451,0.004156143870204687
8,0.0018413355574011803,0.004380333703011274
9,0.001785778789781034,0.004470733925700188
0,0.00695590628311038,0.006244105752557516
1,0.0027284559328109026,0.0038299504667520523
2,0.002292351331561804,0.0035183506552129984
3,0.0021132417023181915,0.0035551507025957108
4,0.0019816099666059017,0.003567349398508668
5,0.0018837779061868787,0.003528633853420615
6,0.0018003933364525437,0.004054618999361992
7,0.0017348094843328,0.003855485934764147
8,0.013384945690631866,0.05301668494939804
0,0.005801638588309288,0.004940031096339226
1,0.002456001006066799,0.003559989621862769
2,0.002202478237450123,0.003695742692798376
3,0.0020547378808259964,0.0036948902998119593
4,0.001980423927307129,0.003989214077591896
5,0.0018723871326074004,0.006374543998390436
6,0.0018064531031996012,0.007072328589856625
7,0.0017359430203214288,0.006392857525497675
0,0.0062593561597168446,0.004392317496240139
1,0.0025064307264983654,0.003287928644567728
2,0.0022083555813878775,0.003740957472473383
3,0.0020622825250029564,0.0036378060467541218
4,0.001947749056853354,0.003943430259823799
5,0.0018607205711305141,0.004084128886461258
6,0.0018058018758893013,0.004405373707413673
7,0.0017042381223291159,0.0034712059423327446
0,0.006561265327036381,0.006146133411675692
1,0.0031444462947547436,0.00519260298460722
2,0.0028523949440568686,0.003961198963224888
3,0.002650492824614048,0.004714583046734333
4,0.002519175410270691,0.004259210079908371
5,0.002445079619064927,0.0038076736964285374
6,0.0023928508162498474,0.003971921280026436
7,0.0023535043001174927,0.0040553840808570385
8,0.011243063025176525,0.008110680617392063
9,0.0041762725450098515,0.0070986016653478146
10,0.0034916442818939686,0.00547416228801012
11,0.003129600314423442,0.004848834127187729
0,0.006731017958372831,0.006655729841440916
1,0.0031795967370271683,0.005312373396009207
2,0.002937636338174343,0.00496471906080842
3,0.002804794581606984,0.0041654519736766815
4,0.002590237883850932,0.004300869535654783
5,0.0024987105280160904,0.004425105173140764
6,0.07028347253799438,0.08793153613805771
7,0.0554676279425621,0.032642658799886703
8,0.016401831060647964,0.011808737181127071
9,0.006355813704431057,0.007692519575357437
0,0.0062194387428462505,0.007591750007122755
1,0.0034672608599066734,0.006713424809277058
2,0.0030668419785797596,0.004916103091090918
3,0.002781918738037348,0.005532506387680769
4,0.0025805297773331404,0.004970556125044823
5,0.0024870054330676794,0.004597689025104046
6,0.00241818162612617,0.00414782902225852
7,0.002358462894335389,0.004063407424837351
8,0.0023146190214902163,0.00398767925798893
9,0.005200390703976154,0.018873978406190872
10,0.005614452064037323,0.006695127580314875
11,0.0034726797603070736,0.004955350887030363
12,0.0028209956362843513,0.003977517131716013
13,0.002487931400537491,0.00404499564319849
14,0.0023591311182826757,0.0038282147143036127
15,0.002314523560926318,0.005255561787635088
16,0.002274982398375869,0.0041363234631717205
17,0.06453578174114227,0.04148608818650246
18,0.019326427951455116,0.011373751796782017
19,0.005469685886055231,0.008196682669222355
20,0.00416363961994648,0.008385621011257172
0,0.017471862956881523,0.007234930992126465
1,0.0032469755969941616,0.005720125045627356
2,0.002692868234589696,0.004083417821675539
3,0.0024354499764740467,0.0036679375916719437
4,0.002254830440506339,0.0031015335116535425
5,0.002130130771547556,0.0035631326027214527
6,0.002045826055109501,0.003551462199538946
7,0.001987818628549576,0.0035327409859746695
8,0.0019170019077137113,0.004157069604843855
9,0.0018580241594463587,0.003998117055743933
10,0.0017902001272886992,0.003872749861329794
0,0.0070901112630963326,0.004632559604942799
1,0.002625515451654792,0.004029357805848122
2,0.002283308655023575,0.003822613274678588
3,0.002139057032763958,0.0033203240018337965
4,0.002045182278379798,0.0035744616761803627
5,0.001997706713154912,0.004377786070108414
6,0.0019144248217344284,0.003584957681596279
7,0.0018616104498505592,0.004108988679945469
8,0.0017887825379148126,0.0037376955151557922
9,0.0017503040144219995,0.004221208859235048
0,0.006878448650240898,0.005110022611916065
1,0.0025747979525476694,0.003914577420800924
2,0.002306463196873665,0.003620375646278262
3,0.002171575091779232,0.004000479821115732
4,0.002046140842139721,0.0036693387664854527
5,0.00200129603035748,0.0036230585537850857
6,0.001886056619696319,0.003609691746532917
7,0.0018506507622078061,0.004001185297966003
8,0.0017916926881298423,0.004160366952419281
9,0.0017415467882528901,0.0038571027107536793
10,0.0017483608098700643,0.0036826985888183117
11,0.0016394822159782052,0.004634008277207613
12,0.001607444602996111,0.004183049779385328
0,0.007622788194566965,0.004872689489275217
1,0.0030069933272898197,0.00459906505420804
2,0.0027484700549393892,0.003987062256783247
3,0.003818397643044591,0.004483245313167572
4,0.0025483388453722,0.0043169595301151276
5,0.002370234578847885,0.004614647943526506
6,0.002279809443280101,0.0036621815524995327
7,0.0022352479863911867,0.004067127127200365
8,0.002171676605939865,0.003919923212379217
9,0.0021118754521012306,0.004182375036180019
10,0.0021065950859338045,0.004288677591830492
11,0.0020543006248772144,0.004386962857097387
12,0.002016109647229314,0.004559245426207781
0,0.0075551653280854225,0.005473922938108444
1,0.0029111497569829226,0.004220153205096722
2,0.002976619638502598,0.004582799971103668
3,0.0024407110176980495,0.003784715896472335
4,0.002305159578099847,0.0034295544028282166
5,0.0022342409938573837,0.003545882645994425
6,0.0021731797605752945,0.004516533110290766
7,0.0021345310378819704,0.003990402910858393
8,0.0020802721846848726,0.003413866739720106
9,0.11231015622615814,0.06358499825000763
10,0.031027577817440033,0.016865199431777
11,0.038553718477487564,0.038269948214292526
12,0.016576673835515976,0.013198328204452991
13,0.006244792137295008,0.009881408885121346
14,0.004159281495958567,0.007986805401742458
0,0.006867315154522657,0.0053726984187960625
1,0.0028874799609184265,0.0032461106311529875
2,0.0025418302975594997,0.003585933009162545
3,0.002397415228188038,0.003939111717045307
4,0.002316958038136363,0.005243372637778521
5,0.0022354191169142723,0.003977862186729908
6,0.002146329265087843,0.0036338618956506252
7,0.002122125355526805,0.004235919564962387
0,0.008703235536813736,0.006400815676897764
1,0.0033151167444884777,0.0048897648230195045
2,0.002648715628311038,0.00411946140229702
3,0.0023423563688993454,0.0033615203574299812
4,0.0021812014747411013,0.0038926636334508657
5,0.0020693186670541763,0.003258446929976344
6,0.001977289794012904,0.0031511688139289618
7,0.0018990457756444812,0.003600149415433407
8,0.0018378726672381163,0.0037175207398831844
9,0.0017654309049248695,0.0037115232553333044
10,0.0017078234814107418,0.004065008834004402
11,0.0016443512868136168,0.00416463240981102
12,0.0015639927005395293,0.003992234822362661
0,0.00885443389415741,0.006613895297050476
1,0.003322713542729616,0.0048453533090651035
2,0.002678372897207737,0.0038687249179929495
3,0.0023821715731173754,0.0036872895434498787
4,0.002195885870605707,0.003538046032190323
5,0.002067317720502615,0.0035170717164874077
6,0.001979002496227622,0.0032509416341781616
7,0.0018941003363579512,0.0035477925557643175
8,0.0018059712601825595,0.003587666666135192
9,0.001740860054269433,0.0033477358520030975
10,0.0016793393297120929,0.00384700414724648
11,0.001621678820811212,0.0036421839613467455
12,0.001557527226395905,0.004263183567672968
0,0.008641536347568035,0.006409118417650461
1,0.0033589303493499756,0.005690511781722307
2,0.0027249851264059544,0.0047511328011751175
3,0.0023800223134458065,0.0034504898358136415
4,0.0021873656660318375,0.00350910983979702
5,0.0020616052206605673,0.0033654409926384687
6,0.001967784482985735,0.0035116570070385933
7,0.001878060633316636,0.0036314388271421194
8,0.0018088453216478229,0.003672585589811206
9,0.0017260214081034064,0.0036123867612332106
10,0.0016696510137990117,0.004016104154288769
11,0.001603641896508634,0.004048199858516455
0,0.011305882595479488,0.007492955774068832
1,0.0032066646963357925,0.005036476533859968
2,0.0027913865633308887,0.004417033866047859
3,0.002558191306889057,0.004147254396229982
4,0.0023437058553099632,0.003598663257434964
5,0.002230247249826789,0.003930338192731142
6,0.0021476789843291044,0.0035484014078974724
7,0.0020616110414266586,0.004209916573017836
8,0.0020069528836756945,0.003983255475759506
9,0.0019482183270156384,0.0038896522019058466
10,0.0019190569873899221,0.003653411753475666
11,0.13801656663417816,2.4267594814300537
12,1.4053324460983276,0.9332531690597534
0,0.007598004303872585,0.006608475930988789
1,0.0028179301880300045,0.003441544948145747
2,0.0023959071841090918,0.003950418904423714
3,0.0022674095816910267,0.003965258598327637
4,0.002185324439778924,0.003945434466004372
5,0.0020875062327831984,0.00423881970345974
6,0.0020070860628038645,0.004234747029840946
7,0.0019410632085055113,0.0035770523827522993
0,0.008583028800785542,0.006038512568920851
1,0.0028758652042597532,0.005072008352726698
2,0.002587393391877413,0.0042340438812971115
3,0.0023322950582951307,0.0035633505322039127
4,0.002214223612099886,0.003939279820770025
5,0.0021280464716255665,0.0038597877137362957
6,0.0020837101619690657,0.0037128832191228867
7,0.0019529997371137142,0.0038355435244739056
8,0.001898573013022542,0.003823990933597088
9,0.0018366678850725293,0.003775595687329769
0,0.011045237071812153,0.006949529051780701
1,0.003700795816257596,0.00588228041306138
2,0.0030036033131182194,0.005603908561170101
3,0.0025435537099838257,0.004240404348820448
4,0.002282756147906184,0.0037293587811291218
5,0.002163404831662774,0.0037796616088598967
6,0.0020959225948899984,0.0035931942984461784
7,0.0020353461150079966,0.0035738255828619003
8,0.001995972590520978,0.003336394438520074
9,0.0019403885817155242,0.003758288687095046
10,0.0019070068374276161,0.00358975981362164
11,0.001845614518970251,0.004083030391484499
12,0.0018218199256807566,0.004248151555657387
13,0.0017909430898725986,0.004182028118520975
14,0.0017411410808563232,0.003984740469604731
0,0.01088412944227457,0.006956425961107016
1,0.0036571091040968895,0.0068707396276295185
2,0.0029729839880019426,0.005434999242424965
3,0.002532122889533639,0.003820747369900346
4,0.0022596006747335196,0.0035922538954764605
5,0.002142026089131832,0.0034671304747462273
6,0.0020568615291267633,0.003768312046304345
7,0.002003297209739685,0.003342636162415147
8,0.001957582077011466,0.003639511065557599
9,0.0019125485559925437,0.0033075169194489717
10,0.0018665979150682688,0.003780294442549348
11,0.0018308107974007726,0.003906223690137267
12,0.0017962758429348469,0.004019082058221102
13,0.001761654857546091,0.004145560320466757
14,0.001729391748085618,0.00405490305274725
15,0.0017017595237120986,0.0038064555265009403
0,0.010698462836444378,0.0070819794200360775
1,0.003686472773551941,0.006091487128287554
2,0.0030159230809658766,0.005683952011168003
3,0.002565240953117609,0.004236291628330946
4,0.002272082958370447,0.003689615987241268
5,0.002150287153199315,0.003789497073739767
6,0.0020867574494332075,0.0033900265116244555
7,0.0020314306020736694,0.003714402439072728
8,0.0019737870898097754,0.0038963204715400934
9,0.0019078729674220085,0.003924493212252855
10,0.0018750769086182117,0.004226316697895527
11,0.0018303280230611563,0.004017067141830921
12,0.001790886395610869,0.003935333341360092
0,0.012098032049834728,0.0069204107858240604
1,0.003922307398170233,0.0067391712218523026
2,0.003150895470753312,0.005944536067545414
3,0.002876594429835677,0.005376152228564024
4,0.002588719828054309,0.004036960192024708
5,0.0024433478247374296,0.0038087223656475544
6,0.00236674421466887,0.0037488695234060287
7,0.0023074483033269644,0.0036092393565922976
8,0.002249522367492318,0.0034514081198722124
9,0.002209883648902178,0.00349840777926147
10,0.0021778231021016836,0.003943639807403088
11,0.0021530678495764732,0.003996716346591711
12,0.002116028917953372,0.004334455821663141
13,0.002087951172143221,0.0042198654264211655
14,0.002058336278423667,0.004003752022981644
0,0.012288432568311691,0.007311384193599224
1,0.004000680986791849,0.006319180130958557
2,0.0031915244180709124,0.006069710943847895
3,0.0029096785001456738,0.005580616183578968
4,0.0026727761141955853,0.004206161946058273
5,0.0024401014670729637,0.0034809603821486235
6,0.002359689213335514,0.003367704339325428
7,0.0023045940324664116,0.003483604174107313
8,0.0022582111414521933,0.003390283090993762
9,0.0022008230444043875,0.003311184933409095
10,0.002180380281060934,0.003566281870007515
11,0.0021517574787139893,0.00344395381398499
12,0.00211334484629333,0.0034661958925426006
13,0.002076491480693221,0.00382400443777442
14,0.0020449617877602577,0.003629065817221999
15,0.002017656806856394,0.004148827865719795
0,0.012792319990694523,0.008175371214747429
1,0.004072885029017925,0.006575616076588631
2,0.0032072400208562613,0.005993443075567484
3,0.0028564881067723036,0.005254211835563183
4,0.0026533636264503,0.00422342075034976
5,0.00248767901211977,0.0036082544829696417
6,0.00237666186876595,0.0038290726952254772
7,0.0023051181342452765,0.003655116306617856
8,0.00226184562779963,0.003701474517583847
9,0.0022058773320168257,0.0032513407059013844
10,0.002173182088881731,0.003599402494728565
11,0.0021349748130887747,0.0035312948748469353
12,0.0020795846357941628,0.0037671758327633142
13,0.002060917904600501,0.00360677158460021
14,0.0020165806636214256,0.003578289644792676
15,0.0019824618939310312,0.003919615875929594
0,0.010057475417852402,0.008182776160538197
1,0.0037066300865262747,0.006063377484679222
2,0.003029789077118039,0.005063148681074381
3,0.00261380011215806,0.005317563656717539
4,0.0023586347233504057,0.003723732428625226
5,0.002203195821493864,0.003241310827434063
6,0.002114144153892994,0.0036005661822855473
7,0.002043504500761628,0.00405527651309967
8,0.0019834970589727163,0.0038010207936167717
9,0.001908989273943007,0.00497888820245862
10,0.0018429368501529098,0.0047327447682619095
11,0.0017806142568588257,0.004250277765095234
0,0.00967674795538187,0.006494187284260988
1,0.0036473958753049374,0.005964818876236677
2,0.002948824781924486,0.004798451438546181
3,0.0025584655813872814,0.004740910138934851
4,0.002347394824028015,0.0035691773518919945
5,0.002222661394625902,0.004308226518332958
6,0.0021370407193899155,0.0035522172693163157
7,0.002050709445029497,0.004027020186185837
8,0.0019920882768929005,0.003804310690611601
9,0.0019293410005047917,0.0045927902683615685
10,0.0018509719520807266,0.004181116819381714
11,0.0018000041600316763,0.004564877133816481
12,0.001739945262670517,0.004817706998437643
0,0.009759940207004547,0.0067942445166409016
1,0.003637781599536538,0.005990761332213879
2,0.003010721877217293,0.004851752892136574
3,0.0025797225534915924,0.004309478215873241
4,0.0023456404451280832,0.004241105169057846
5,0.002211158163845539,0.0037911594845354557
6,0.0021211232524365187,0.0035967121366411448
7,0.0020353207364678383,0.003992890939116478
8,0.0019521396607160568,0.003672165097668767
9,0.0018914267420768738,0.003968206699937582
10,0.0018362473929300904,0.003943185321986675
11,0.0017823161324486136,0.00401947321370244
12,0.001720011350698769,0.004083395469933748
0,0.006844468880444765,0.006552896462380886
1,0.0037273254711180925,0.005739947780966759
2,0.0034720932599157095,0.004991248250007629
3,0.00330040929839015,0.0044465139508247375
4,0.0032487420830875635,0.0046668946743011475
5,0.003157318802550435,0.004131066147238016
6,0.0031305374577641487,0.003662850707769394
7,0.00300762546248734,0.0048745241947472095
8,0.0030127204954624176,0.004205451346933842
9,0.0029734119307249784,0.004259304143488407
10,0.0029710412491112947,0.0041660419665277
11,0.002937260316684842,0.004125585313886404
12,0.0029647729825228453,0.003980926238000393
0,0.006898996885865927,0.005349676590412855
1,0.003551796544343233,0.005742678418755531
2,0.0033974656835198402,0.004751883912831545
3,0.003297174349427223,0.004806814715266228
4,0.0032293633557856083,0.004518809728324413
5,0.003184415865689516,0.005147494841367006
6,0.0031440190505236387,0.005640449933707714
7,0.0031336089596152306,0.004251983482390642
8,0.0031280829571187496,0.003832111367955804
9,0.0030303054954856634,0.003928947262465954
10,0.0029910868033766747,0.004383818246424198
11,0.002957432297989726,0.0038875138852745295
12,0.002959693316370249,0.003997025080025196
13,0.028795110061764717,0.021058576181530952
14,0.010515272617340088,0.008863523602485657
0,0.006301558576524258,0.008170096203684807
1,0.0037069199606776237,0.0057676066644489765
2,0.003366075921803713,0.004741271957755089
3,0.0032747734803706408,0.004778105299919844
4,0.003173754783347249,0.004665794316679239
5,0.0030467042233794928,0.0040473719127476215
6,0.0030345660634338856,0.0039469706825912
7,0.0029744331259280443,0.003967227414250374
8,0.0029622833244502544,0.004747448489069939
9,0.002919056685641408,0.0038941646926105022
10,0.0029023666866123676,0.003974066115915775
11,0.1701536774635315,0.4276237487792969
12,0.3707892894744873,0.31426140666007996
13,0.2356356382369995,0.16302724182605743
14,0.09857656806707382,0.052724722772836685
15,0.02346784621477127,0.012266739271581173
0,0.008920573629438877,0.006428293418139219
1,0.00353052350692451,0.005796513520181179
2,0.0028336646500974894,0.004259095061570406
3,0.0024625833611935377,0.003623364493250847
4,0.002212218241766095,0.003558476222679019
5,0.0020551332272589207,0.003452412085607648
6,0.001973632024601102,0.0032294741831719875
7,0.001874823123216629,0.0036669534165412188
8,0.0017870088340714574,0.004183790646493435
9,0.0017188485944643617,0.004699896089732647
10,0.001644678646698594,0.004346846602857113
11,0.0015707064885646105,0.0042732032015919685
12,0.0015119814779609442,0.005042200908064842
0,0.008569000288844109,0.0067395600490272045
1,0.003329349448904395,0.0054222592152655125
2,0.0027288428973406553,0.004043088294565678
3,0.002419288968667388,0.0038149659521877766
4,0.0022194546181708574,0.003757648868486285
5,0.002082338323816657,0.0036462433636188507
6,0.0019839333835989237,0.003438806626945734
7,0.0019023678032681346,0.003498469013720751
8,0.0018250241409987211,0.0036084195598959923
9,0.0017542410641908646,0.0036840892862528563
10,0.0016838738229125738,0.004060590639710426
11,0.0016178591176867485,0.0044403658248484135
12,0.0015473731327801943,0.0041101956740021706
0,0.008407318964600563,0.006786536891013384
1,0.003334957640618086,0.005303197540342808
2,0.002705813618376851,0.003893478773534298
3,0.00241434620693326,0.0036239123437553644
4,0.002236207015812397,0.0036076176911592484
5,0.0021153579000383615,0.0034649320878088474
6,0.002003780798986554,0.0035367808304727077
7,0.0019127181731164455,0.003770891111344099
8,0.001836674171499908,0.0038672438822686672
9,0.0017585869645699859,0.003756048623472452
10,0.0016975220059975982,0.0037263035774230957
11,0.0016187438741326332,0.004163597244769335
0,0.017991265282034874,0.007542693521827459
1,0.00489448057487607,0.007054524961858988
2,0.0037974314764142036,0.006652788259088993
3,0.0034798893611878157,0.006420212797820568
4,0.00332563160918653,0.006483192555606365
5,0.003242308273911476,0.005831100977957249
6,0.003159422893077135,0.005641683470457792
7,0.003077648114413023,0.005603193771094084
8,0.0029848867561668158,0.0048918048851192
9,0.002875362057238817,0.004575877916067839
10,0.002855693455785513,0.004651005379855633
11,0.0028220275416970253,0.004323806148022413
12,0.0027783671393990517,0.004289061762392521
13,0.0027495508547872305,0.00421676691621542
14,0.002734720939770341,0.004387225490063429
15,0.0027175345458090305,0.004412944428622723
16,0.002689917339012027,0.004500188864767551
17,0.0026879175566136837,0.004133205395191908
18,0.002663471968844533,0.004120886791497469
19,0.002660192782059312,0.00428772484883666
20,0.0026357420720160007,0.004208220634609461
21,0.0026455612387508154,0.004359210375696421
22,0.002619665814563632,0.0041777268052101135
23,0.0026021709199994802,0.004359780810773373
24,0.0026060950476676226,0.004286180716007948
0,0.01640007644891739,0.007354871369898319
1,0.00468464707955718,0.0067458623088896275
2,0.003733172779902816,0.006736942566931248
3,0.0034858703147619963,0.006477805785834789
4,0.003366202814504504,0.0063356938771903515
5,0.0032620986457914114,0.005996155086904764
6,0.0031756942626088858,0.005741619970649481
7,0.003075210377573967,0.005111465696245432
8,0.0029735371936112642,0.004455994348973036
9,0.002894764067605138,0.0041735912673175335
10,0.0028334392700344324,0.004265548661351204
11,0.0027957477141171694,0.004299190826714039
12,0.002765597542747855,0.004411342088133097
13,0.00275786523707211,0.004334578290581703
14,0.002749457722529769,0.004330693278461695
15,0.0027256894391030073,0.0041602784767746925
16,0.002686610445380211,0.004292455967515707
17,0.002683797385543585,0.004433182999491692
18,0.0026652896776795387,0.004303963389247656
19,0.0026338885072618723,0.004355387296527624
20,0.002626447007060051,0.004180168267339468
21,0.002605730202049017,0.004900107625871897
0,0.016166411340236664,0.007383495103567839
1,0.004744930192828178,0.006765538826584816
2,0.003811363596469164,0.006473733577877283
3,0.003511011367663741,0.006199624855071306
4,0.0033230234403163195,0.006058334838598967
5,0.0032155069056898355,0.006050825119018555
6,0.0031636098865419626,0.00591027969494462
7,0.003097177715972066,0.00557586457580328
8,0.003002674551680684,0.005184883717447519
9,0.002939528552815318,0.004720367956906557
10,0.0028575158212333918,0.004435489885509014
11,0.0028235523495823145,0.004480223171412945
12,0.0028000585734844208,0.004368096590042114
13,0.0027643030043691397,0.004580462351441383
14,0.002723969519138336,0.004508438985794783
15,0.002728816354647279,0.004349939059466124
16,0.0026933406479656696,0.004274062812328339
17,0.002683409722521901,0.0039303358644247055
18,0.002659938996657729,0.004042365122586489
19,0.0026566984597593546,0.004165841732174158
20,0.0026316712610423565,0.004192985128611326
21,0.002633218187838793,0.004159146919846535
22,0.0026225221808999777,0.004042201675474644
23,0.002600561361759901,0.004133257549256086
0,0.009506729431450367,0.007692140061408281
1,0.003526876913383603,0.006003826856613159
2,0.0029434573370963335,0.004819307941943407
3,0.0024754460901021957,0.004150137305259705
4,0.002245850395411253,0.0033584125339984894
5,0.002151482505723834,0.003440000582486391
6,0.002081220969557762,0.00332188350148499
7,0.0019997803028672934,0.0032091166358441114
8,0.0019338722340762615,0.003745620371773839
9,0.0018686451949179173,0.00394420837983489
10,0.0018246680265292525,0.0035276140552014112
11,0.0017584890592843294,0.003659208305180073
12,0.0017063259147107601,0.004302455112338066
13,0.0016485663363710046,0.004129759967327118
0,0.009606379084289074,0.006556324195116758
1,0.0035497189965099096,0.005838151089847088
2,0.002826603827998042,0.004035544116050005
3,0.002404215047135949,0.003456901293247938
4,0.0022346193436533213,0.0035425364039838314
5,0.0021437895484268665,0.0032818554900586605
6,0.0020505948923528194,0.0035824000369757414
7,0.002000916749238968,0.003970987629145384
8,0.0019468310056254268,0.0037937217857688665
9,0.0018836153903976083,0.003411137731745839
10,0.0018272008746862411,0.004455899819731712
11,0.001786356675438583,0.004560769069939852
0,0.009738659486174583,0.006646852008998394
1,0.003571508452296257,0.005901969037950039
2,0.0029296858701854944,0.005039704032242298
3,0.0024670311249792576,0.0034923150669783354
4,0.0022495798766613007,0.003599945455789566
5,0.0021454819943755865,0.0031117715407162905
6,0.0020725149661302567,0.0033385686110705137
7,0.001996401697397232,0.003326097037643194
8,0.0019271192140877247,0.0033363276161253452
9,0.0018751014722511172,0.0033082508016377687
10,0.0018148347735404968,0.0036483968142420053
11,0.0017580253770574927,0.004232311621308327
0,0.00620691105723381,0.007233116775751114
1,0.003681282978504896,0.0062339515425264835
2,0.0033858870156109333,0.004721025470644236
3,0.0032156524248421192,0.004257268738001585
4,0.003125822637230158,0.004917539190500975
5,0.0030923294834792614,0.004658364225178957
6,0.003049561521038413,0.004963011015206575
7,0.0030157207511365414,0.00460832891985774
8,0.002958310069516301,0.00541849248111248
9,0.002954154508188367,0.005109888501465321
0,0.006529830861836672,0.008271359838545322
1,0.0036849353928118944,0.006408180110156536
2,0.003405024064704776,0.004415316041558981
3,0.0031958473846316338,0.004705376923084259
4,0.0031361891888082027,0.004891851916909218
5,0.0030723637901246548,0.004729039501398802
6,0.0030234798323363066,0.00488444184884429
7,0.002996184164658189,0.004176387097686529
8,0.002969404449686408,0.004616566002368927
9,0.002945592626929283,0.005142452195286751
10,0.0029158322140574455,0.004972042050212622
11,0.0029122941195964813,0.00481499033048749
12,0.002890172181650996,0.004724522121250629
13,0.0028780880384147167,0.004795741755515337
0,0.006509548984467983,0.007006094325333834
1,0.0036451946943998337,0.004937136545777321
2,0.0033629233948886395,0.005843375343829393
3,0.003216554643586278,0.004439199343323708
4,0.003125960472971201,0.00456306291744113
5,0.003076246241107583,0.004382017999887466
6,0.003043226432055235,0.004577941261231899
7,0.0030039697885513306,0.0050504207611083984
8,0.0030037725809961557,0.005025473888963461
9,0.0029619287233799696,0.005249876528978348
10,0.0029162541031837463,0.007000928744673729
11,0.0029046519193798304,0.005991543177515268
0,0.04334505274891853,0.014359603635966778
1,0.006201866548508406,0.010294156149029732
2,0.00440134946256876,0.007257097400724888
3,0.0037813137751072645,0.008477038703858852
4,0.003543565049767494,0.006834540516138077
5,0.0032717674039304256,0.006784135941416025
6,0.003168619703501463,0.007387381047010422
7,0.00312351668253541,0.0070330798625946045
8,0.0029088694136589766,0.0055399746634066105
9,1.3026821613311768,1.4173610210418701
10,0.7464932203292847,0.2800687551498413
11,0.10405290871858597,0.024401921778917313
12,0.010781900025904179,0.008759723976254463
13,0.008874026127159595,0.009528795257210732
14,0.006630714517086744,0.011198099702596664
0,0.05042363703250885,0.011537663638591766
1,0.007787476293742657,0.010115510784089565
2,0.006222106982022524,0.01101534441113472
3,0.005081795621663332,0.00842045433819294
4,0.004607058130204678,0.00931116845458746
5,0.004016794729977846,0.007744188420474529
6,0.0038337656296789646,0.007235211320221424
7,0.0034778709523379803,0.007118027191609144
8,0.003332708030939102,0.006838652770966291
9,0.0031937952153384686,0.006721655372530222
10,0.0032034036703407764,0.0063330624252557755
11,0.003083862131461501,0.005723104812204838
12,0.2203439474105835,0.8595280051231384
13,0.40421050786972046,0.15536868572235107
14,0.06178179383277893,0.015445074066519737
15,0.009320197626948357,0.007417252752929926
16,0.006981575861573219,0.010912453755736351
17,0.006814709398895502,0.007774254307150841
0,0.023031791672110558,0.012074945494532585
1,0.005065951030701399,0.009121342562139034
2,0.004281607922166586,0.008770640008151531
3,0.0039375172927975655,0.008338866755366325
4,0.003578446339815855,0.006317662540823221
5,0.0034565450623631477,0.005400993395596743
6,0.009803521446883678,0.01044680830091238
7,0.005029878579080105,0.009582414291799068
8,0.004293401725590229,0.007813921198248863
9,0.004146651364862919,0.007635928690433502
10,0.003984716720879078,0.007748687174171209
11,0.003909232094883919,0.008236161433160305
0,0.0060152700170874596,0.004522374831140041
1,0.0028722628485411406,0.004416294861584902
2,0.002604416338726878,0.004209738224744797
3,0.0024780118837952614,0.0038674206007272005
4,0.0023759636096656322,0.003310275264084339
5,0.002398350276052952,0.0034974664449691772
6,0.00227406807243824,0.0034257967490702868
7,0.002225795527920127,0.0034791689831763506
8,0.0022527866531163454,0.003321862081065774
9,0.0031301197595894337,0.024648014456033707
10,0.0038520244415849447,0.004495627712458372
0,0.006227284204214811,0.005338355898857117
1,0.003030982334166765,0.004826362710446119
2,0.0028403045143932104,0.004617823287844658
3,0.002667891327291727,0.003663781564682722
4,0.002474673558026552,0.0033555866684764624
5,0.012156030163168907,0.01218369510024786
6,0.005028926767408848,0.005892573390156031
7,0.0033221866469830275,0.005117303226143122
8,0.0029757015872746706,0.005325429607182741
9,0.0027117321733385324,0.004350768867880106
10,0.0025593850295990705,0.003926249220967293
0,0.006990473717451096,0.008164186030626297
1,0.003227866254746914,0.004833189304918051
2,0.004090089816600084,0.007682325784116983
3,0.0028509851545095444,0.004853128455579281
4,0.0026882097590714693,0.004497488494962454
5,0.002523127244785428,0.00669192336499691
6,0.002421722747385502,0.00618467852473259
7,0.002336031524464488,0.005123866256326437
8,0.0023089146707206964,0.004159552976489067
9,0.002266943920403719,0.004023467190563679
10,0.008990958333015442,0.008823278360068798
11,0.0033671704586595297,0.003911785315722227
12,0.0026127221062779427,0.0036032479256391525
13,0.0024885479360818863,0.003691460005939007
14,0.0024122977629303932,0.003978595603257418
15,0.0023851911537349224,0.0036942167207598686
16,0.002315908670425415,0.003722463035956025
17,0.002328114816918969,0.0037805817555636168
18,0.0022790739312767982,0.0044393339194357395
0,0.006132745184004307,0.0049976566806435585
1,0.0027361628599464893,0.0036492219660431147
2,0.002407878404483199,0.0038703300524502993
3,0.0022829582449048758,0.004068432375788689
4,0.00215600011870265,0.0035867413971573114
5,0.0020947998855262995,0.003664335934445262
6,0.002073436276987195,0.003950372338294983
7,0.001994356047362089,0.0037047306541353464
8,0.0019853455014526844,0.005520218517631292
9,0.0019318239064887166,0.004398050718009472
10,0.0019044434884563088,0.004162051249295473
0,0.006609912496060133,0.00641774432733655
1,0.0028519064653664827,0.004648743197321892
2,0.002573033096268773,0.0033885471057146788
3,0.00237244158051908,0.00362988724373281
4,0.0022574758622795343,0.0035405342932790518
5,0.0021668504923582077,0.003229159163311124
6,0.0021060635335743427,0.003999554086476564
7,0.0020839849021285772,0.004204168915748596
8,0.0020138435065746307,0.003351403633132577
9,0.0019999833311885595,0.004110689274966717
10,0.049966923892498016,0.03158476576209068
11,0.016676077619194984,0.011627551168203354
0,0.007020633202046156,0.005117541179060936
1,0.002847016556188464,0.005871785804629326
2,0.0024894315283745527,0.003742227563634515
3,0.0022868707310408354,0.0036403953563421965
4,0.002214080188423395,0.003735744161531329
