Start date;End date;Total [MWh] Calculated resolutions;Photovoltaics and wind [MWh] Calculated resolutions;Wind offshore [MWh] Calculated resolutions;Wind onshore [MWh] Calculated resolutions;Photovoltaics [MWh] Calculated resolutions;Other [MWh] Calculated resolutions
Jan 5, 2015;Jan 12, 2015;12,072,820.00;2,973,769.50;80,070.75;2,785,384.50;108,314.25;9,099,050.50
Jan 12, 2015;Jan 19, 2015;12,374,451.00;2,918,185.25;88,130.25;2,651,569.25;178,485.75;9,456,265.75
Jan 19, 2015;Jan 26, 2015;11,758,645.00;699,645.75;28,216.25;510,871.00;160,558.50;11,058,999.25
Jan 26, 2015;Feb 2, 2015;12,331,295.00;2,072,481.25;64,814.75;1,897,580.50;110,086.00;10,258,813.75
Feb 2, 2015;Feb 9, 2015;12,160,239.00;1,518,408.25;56,925.75;1,228,370.25;233,112.25;10,641,830.75
Feb 9, 2015;Feb 16, 2015;12,112,297.00;1,386,318.25;67,701.25;975,290.00;343,327.00;10,725,978.75
Feb 16, 2015;Feb 23, 2015;12,195,728.00;1,765,559.75;82,633.50;1,277,040.75;405,885.50;10,430,168.25
Feb 23, 2015;Mar 2, 2015;12,540,119.00;2,219,291.50;94,559.75;1,746,339.50;378,392.25;10,320,827.50
Mar 2, 2015;Mar 9, 2015;12,255,771.00;2,713,688.50;122,135.00;1,952,075.75;639,477.75;9,542,082.50
Mar 9, 2015;Mar 16, 2015;11,860,355.00;1,663,100.00;90,770.50;911,862.25;660,467.25;10,197,255.00
Mar 16, 2015;Mar 23, 2015;11,841,410.00;1,907,652.00;70,369.50;984,499.25;852,783.25;9,933,758.00
Mar 23, 2015;Mar 30, 2015;11,366,442.00;1,826,848.75;81,481.00;1,149,422.00;595,945.75;9,539,593.25
Mar 30, 2015;Apr 6, 2015;11,339,781.00;3,452,744.50;123,975.25;2,626,767.75;702,001.50;7,887,036.50
Apr 6, 2015;Apr 13, 2015;10,925,374.00;1,996,658.25;72,751.25;897,898.50;1,026,008.50;8,928,715.75
Apr 13, 2015;Apr 20, 2015;11,464,046.00;2,406,425.00;107,552.25;1,180,481.25;1,118,391.50;9,057,621.00
Apr 20, 2015;Apr 27, 2015;11,110,490.00;1,943,411.25;86,720.25;708,435.25;1,148,255.75;9,167,078.75
Apr 27, 2015;May 4, 2015;10,378,959.00;1,765,675.00;93,736.00;869,665.75;802,273.25;8,613,284.00
May 4, 2015;May 11, 2015;10,672,553.00;2,902,988.00;167,492.75;1,678,672.50;1,056,822.75;7,769,565.00
May 11, 2015;May 18, 2015;9,956,307.00;2,557,256.00;155,738.50;1,199,694.50;1,201,823.00;7,399,051.00
May 18, 2015;May 25, 2015;9,883,600.00;1,755,811.00;100,462.25;626,163.25;1,029,185.50;8,127,789.00
May 25, 2015;Jun 1, 2015;10,168,680.00;2,354,457.50;137,567.00;1,208,464.50;1,008,426.00;7,814,222.50
Jun 1, 2015;Jun 8, 2015;10,459,298.00;2,673,642.75;172,026.00;1,270,482.25;1,231,134.50;7,785,655.25
Jun 8, 2015;Jun 15, 2015;10,753,302.00;1,952,316.25;98,138.75;657,775.25;1,196,402.25;8,800,985.75
Jun 15, 2015;Jun 22, 2015;10,463,712.00;1,957,090.50;158,229.75;882,122.75;916,738.00;8,506,621.50
Jun 22, 2015;Jun 29, 2015;10,670,215.00;1,883,064.25;99,018.25;770,044.25;1,014,001.75;8,787,150.75
Jun 29, 2015;Jul 6, 2015;11,071,732.00;2,179,985.50;114,784.75;620,928.50;1,444,272.25;8,891,746.50
Jul 6, 2015;Jul 13, 2015;10,808,495.00;2,979,081.25;200,970.00;1,548,282.50;1,229,828.75;7,829,413.75
Jul 13, 2015;Jul 20, 2015;10,451,642.00;1,723,764.00;114,131.00;661,119.00;948,514.00;8,727,878.00
Jul 20, 2015;Jul 27, 2015;10,769,009.00;2,399,355.25;171,414.25;1,136,060.75;1,091,880.25;8,369,653.75
Jul 27, 2015;Aug 3, 2015;10,364,475.00;2,919,573.50;222,865.50;1,583,880.50;1,112,827.50;7,444,901.50
Aug 3, 2015;Aug 10, 2015;10,219,768.00;1,974,860.25;110,331.25;604,837.25;1,259,691.75;8,244,907.75
Aug 10, 2015;Aug 17, 2015;10,599,698.00;1,823,691.25;122,988.50;718,755.50;981,947.25;8,776,006.75
Aug 17, 2015;Aug 24, 2015;10,811,559.00;1,804,754.00;167,695.50;685,618.75;951,439.75;9,006,805.00
Aug 24, 2015;Aug 31, 2015;11,347,899.00;2,422,035.00;253,047.75;1,179,047.00;989,940.25;8,925,864.00
Aug 31, 2015;Sep 7, 2015;11,531,712.00;2,733,748.75;327,304.50;1,568,489.75;837,954.50;8,797,963.25
Sep 7, 2015;Sep 14, 2015;11,272,150.00;1,862,202.00;170,548.75;810,182.25;881,471.00;9,409,948.00
Sep 14, 2015;Sep 21, 2015;10,935,985.00;2,467,052.00;278,501.50;1,577,925.25;610,625.25;8,468,933.00
Sep 21, 2015;Sep 28, 2015;11,280,404.00;1,513,086.00;147,575.00;652,738.50;712,772.50;9,767,318.00
Sep 28, 2015;Oct 5, 2015;11,410,391.00;1,603,375.00;32,748.50;603,840.75;966,785.75;9,807,016.00
Oct 5, 2015;Oct 12, 2015;11,033,144.00;1,673,734.50;222,896.25;982,119.50;468,718.75;9,359,409.50
Oct 12, 2015;Oct 19, 2015;11,216,034.00;1,385,621.25;287,241.75;743,150.25;355,229.25;9,830,412.75
Oct 19, 2015;Oct 26, 2015;11,074,225.00;1,441,854.00;233,637.00;895,220.50;312,996.50;9,632,371.00
Oct 26, 2015;Nov 2, 2015;11,268,519.00;1,519,323.25;200,677.25;834,725.00;483,921.00;9,749,195.75
Nov 2, 2015;Nov 9, 2015;11,385,964.00;1,691,860.00;212,859.50;1,091,816.00;387,184.50;9,694,104.00
Nov 9, 2015;Nov 16, 2015;12,252,298.00;4,119,447.50;425,328.75;3,447,653.75;246,465.00;8,132,850.50
Nov 16, 2015;Nov 23, 2015;12,365,509.00;3,767,423.50;399,193.25;3,176,192.75;192,037.50;8,598,085.50
Nov 23, 2015;Nov 30, 2015;12,273,504.00;2,653,185.75;305,704.00;2,173,761.50;173,720.25;9,620,318.25
Nov 30, 2015;Dec 7, 2015;11,866,237.00;3,718,830.75;367,502.50;3,193,816.75;157,511.50;8,147,406.25
Dec 7, 2015;Dec 14, 2015;12,209,301.00;2,677,777.25;262,753.25;2,209,497.25;205,526.75;9,531,523.75
Dec 14, 2015;Dec 21, 2015;11,707,731.00;2,027,423.75;290,521.25;1,598,790.25;138,112.25;9,680,307.25
Dec 21, 2015;Dec 28, 2015;10,667,507.00;3,881,569.25;376,846.75;3,308,011.75;196,710.75;6,785,937.75
Dec 28, 2015;Jan 4, 2016;10,186,910.00;2,425,127.00;337,876.50;1,906,598.75;180,651.75;7,761,783.00
Jan 4, 2016;Jan 11, 2016;11,749,904.00;2,270,320.75;379,926.75;1,757,819.50;132,574.50;9,479,583.25
Jan 11, 2016;Jan 18, 2016;12,199,965.00;1,429,101.75;168,219.50;1,129,825.25;131,057.00;10,770,863.25
Jan 18, 2016;Jan 25, 2016;12,315,283.00;1,230,114.50;212,521.25;871,018.75;146,574.50;11,085,168.50
Jan 25, 2016;Feb 1, 2016;12,638,337.00;3,838,937.75;436,464.75;3,203,103.75;199,369.25;8,799,399.25
Feb 1, 2016;Feb 8, 2016;12,420,883.00;3,655,310.00;382,784.75;3,056,593.00;215,932.25;8,765,573.00
Feb 8, 2016;Feb 15, 2016;12,246,891.00;2,830,109.50;261,616.50;2,280,081.75;288,411.25;9,416,781.50
Feb 15, 2016;Feb 22, 2016;12,057,103.00;2,062,195.75;258,634.25;1,527,916.75;275,644.75;9,994,907.25
Feb 22, 2016;Feb 29, 2016;11,692,232.00;2,047,624.50;218,451.00;1,310,328.50;518,845.00;9,644,607.50
Feb 29, 2016;Mar 7, 2016;11,530,429.00;1,640,738.00;156,191.75;1,130,875.50;353,670.75;9,889,691.00
Mar 7, 2016;Mar 14, 2016;11,328,771.00;1,271,947.50;100,752.75;611,320.50;559,874.25;10,056,823.50
Mar 14, 2016;Mar 21, 2016;11,751,116.00;1,765,488.25;171,776.25;918,043.50;675,668.50;9,985,627.75
Mar 21, 2016;Mar 28, 2016;11,166,602.00;1,948,533.75;267,602.50;1,182,805.50;498,125.75;9,218,068.25
Mar 28, 2016;Apr 4, 2016;11,133,928.00;2,464,845.00;223,201.00;1,464,829.50;776,814.50;8,669,083.00
Apr 4, 2016;Apr 11, 2016;10,811,355.00;2,012,360.00;223,935.75;1,043,753.75;744,670.50;8,798,995.00
Apr 11, 2016;Apr 18, 2016;10,484,714.00;1,954,530.25;180,978.75;991,092.75;782,458.75;8,530,183.75
Apr 18, 2016;Apr 25, 2016;10,735,357.00;2,685,272.50;250,769.75;1,334,771.50;1,099,731.25;8,050,084.50
Apr 25, 2016;May 2, 2016;11,216,940.00;2,567,940.50;153,703.75;1,432,789.25;981,447.50;8,648,999.50
May 2, 2016;May 9, 2016;10,390,609.00;2,758,462.00;225,760.25;1,143,884.00;1,388,817.75;7,632,147.00
May 9, 2016;May 16, 2016;10,870,559.00;3,380,487.75;353,833.75;1,868,871.00;1,157,783.00;7,490,071.25
May 16, 2016;May 23, 2016;10,353,797.00;2,237,191.75;171,046.50;981,440.50;1,084,704.75;8,116,605.25
May 23, 2016;May 30, 2016;9,919,354.00;1,654,182.25;153,867.25;621,184.00;879,131.00;8,265,171.75
May 30, 2016;Jun 6, 2016;10,025,674.00;1,909,813.50;222,680.50;720,751.75;966,381.25;8,115,860.50
Jun 6, 2016;Jun 13, 2016;10,403,814.00;1,927,228.75;118,052.50;613,602.00;1,195,574.25;8,476,585.25
Jun 13, 2016;Jun 20, 2016;10,382,941.00;1,652,169.25;88,902.00;608,560.75;954,706.50;8,730,771.75
Jun 20, 2016;Jun 27, 2016;10,635,965.00;1,987,541.00;102,428.50;742,610.75;1,142,501.75;8,648,424.00
Jun 27, 2016;Jul 4, 2016;10,708,091.00;2,422,481.50;235,275.00;1,122,547.00;1,064,659.50;8,285,609.50
Jul 4, 2016;Jul 11, 2016;10,736,898.00;2,914,832.25;262,579.75;1,367,096.25;1,285,156.25;7,822,065.75
Jul 11, 2016;Jul 18, 2016;10,493,823.00;2,403,604.25;243,062.00;1,168,296.25;992,246.00;8,090,218.75
Jul 18, 2016;Jul 25, 2016;10,535,947.00;1,776,354.25;87,040.00;427,556.75;1,261,757.50;8,759,592.75
Jul 25, 2016;Aug 1, 2016;10,250,306.00;1,525,628.00;66,584.75;449,745.50;1,009,297.75;8,724,678.00
Aug 1, 2016;Aug 8, 2016;10,231,937.00;2,216,505.75;222,287.75;1,016,839.50;977,378.50;8,015,431.25
Aug 8, 2016;Aug 15, 2016;10,275,804.00;2,569,208.50;335,599.50;1,273,393.25;960,215.75;7,706,595.50
Aug 15, 2016;Aug 22, 2016;10,109,585.00;1,751,776.75;94,208.25;528,898.75;1,128,669.75;8,357,808.25
Aug 22, 2016;Aug 29, 2016;11,282,984.00;2,164,836.75;135,476.00;782,540.75;1,246,820.00;9,118,147.25
Aug 29, 2016;Sep 5, 2016;11,215,885.00;2,005,669.50;187,397.25;808,772.50;1,009,499.75;9,210,215.50
Sep 5, 2016;Sep 12, 2016;11,288,322.00;1,692,868.00;99,609.50;520,739.75;1,072,518.75;9,595,454.00
Sep 12, 2016;Sep 19, 2016;11,453,675.00;2,137,122.50;190,818.75;1,050,221.75;896,082.00;9,316,552.50
Sep 19, 2016;Sep 26, 2016;11,272,557.00;1,330,297.50;93,499.75;393,503.75;843,294.00;9,942,259.50
Sep 26, 2016;Oct 3, 2016;11,409,235.00;2,330,238.00;252,051.50;1,398,333.25;679,853.25;9,078,997.00
Oct 3, 2016;Oct 10, 2016;11,219,945.00;2,076,407.50;331,299.50;1,284,317.00;460,791.00;9,143,537.50
Oct 10, 2016;Oct 17, 2016;11,579,152.00;2,009,437.25;376,325.00;1,161,923.75;471,188.50;9,569,714.75
Oct 17, 2016;Oct 24, 2016;11,240,202.00;1,212,398.25;250,789.50;629,095.75;332,513.00;10,027,803.75
Oct 24, 2016;Oct 31, 2016;11,078,636.00;1,485,104.50;272,231.75;918,813.50;294,059.25;9,593,531.50
Oct 31, 2016;Nov 7, 2016;11,482,006.00;1,771,096.00;278,026.25;1,167,837.00;325,232.75;9,710,910.00
Nov 7, 2016;Nov 14, 2016;11,503,480.00;1,061,659.75;192,664.25;627,102.25;241,893.25;10,441,820.25
Nov 14, 2016;Nov 21, 2016;11,973,136.00;3,316,646.00;454,716.50;2,666,292.00;195,637.50;8,656,490.00
Nov 21, 2016;Nov 28, 2016;11,584,292.00;1,721,154.50;235,743.25;1,270,940.25;214,471.00;9,863,137.50
Nov 28, 2016;Dec 5, 2016;11,924,475.00;2,363,905.00;277,858.00;1,770,275.00;315,772.00;9,560,570.00
Dec 5, 2016;Dec 12, 2016;12,048,296.00;2,549,087.00;335,636.00;1,999,188.75;214,262.25;9,499,209.00
Dec 12, 2016;Dec 19, 2016;11,351,618.00;1,087,519.00;150,838.00;783,380.25;153,300.75;10,264,099.00
Dec 19, 2016;Dec 26, 2016;11,228,480.00;2,738,078.00;372,134.00;2,215,489.00;150,455.00;8,490,402.00
Dec 26, 2016;Jan 2, 2017;9,740,735.00;2,910,653.25;383,791.50;2,316,069.25;210,792.50;6,830,081.75
Jan 2, 2017;Jan 9, 2017;11,214,649.00;2,415,599.00;316,643.00;1,980,059.75;118,896.25;8,799,050.00
Jan 9, 2017;Jan 16, 2017;12,269,467.00;3,104,943.00;400,356.25;2,620,113.25;84,473.50;9,164,524.00
Jan 16, 2017;Jan 23, 2017;12,098,351.00;803,869.50;86,265.50;521,443.75;196,160.25;11,294,481.50
Jan 23, 2017;Jan 30, 2017;11,800,683.00;1,482,713.25;252,955.50;960,261.25;269,496.50;10,317,969.75
Jan 30, 2017;Feb 6, 2017;11,954,304.00;1,699,387.75;313,749.25;1,164,728.50;220,910.00;10,254,916.25
Feb 6, 2017;Feb 13, 2017;11,903,740.00;2,088,636.25;497,459.25;1,292,346.25;298,830.75;9,815,103.75
Feb 13, 2017;Feb 20, 2017;11,269,345.00;2,159,538.00;374,704.75;1,294,265.50;490,567.75;9,109,807.00
Feb 20, 2017;Feb 27, 2017;10,632,867.00;4,354,110.00;582,241.00;3,449,376.25;322,492.75;6,278,757.00
Feb 27, 2017;Mar 6, 2017;10,496,136.00;3,876,592.75;463,290.25;2,874,863.75;538,438.75;6,619,543.25
Mar 6, 2017;Mar 13, 2017;10,209,798.00;2,274,914.75;341,762.25;1,387,406.50;545,746.00;7,934,883.25
Mar 13, 2017;Mar 20, 2017;10,266,470.00;3,077,658.50;425,817.50;2,031,515.75;620,325.25;7,188,811.50
Mar 20, 2017;Mar 27, 2017;9,913,734.00;2,584,219.25;274,871.50;1,517,140.75;792,207.00;7,329,514.75
Mar 27, 2017;Apr 3, 2017;9,566,360.00;2,265,651.75;215,150.25;989,212.75;1,061,288.75;7,300,708.25
Apr 3, 2017;Apr 10, 2017;9,468,423.00;2,279,402.50;266,078.75;1,149,868.25;863,455.50;7,189,020.50
Apr 10, 2017;Apr 17, 2017;9,695,712.00;3,863,548.00;525,083.50;2,532,006.25;806,458.25;5,832,164.00
Apr 17, 2017;Apr 24, 2017;9,720,461.00;3,187,446.50;389,526.00;1,876,078.25;921,842.25;6,533,014.50
Apr 24, 2017;May 1, 2017;9,647,767.00;2,249,692.50;227,766.75;1,022,443.75;999,482.00;7,398,074.50
May 1, 2017;May 8, 2017;9,509,776.00;2,807,961.25;478,189.75;1,572,490.00;757,281.50;6,701,814.75
May 8, 2017;May 15, 2017;9,423,231.00;2,056,976.00;253,956.50;774,196.00;1,028,823.50;7,366,255.00
May 15, 2017;May 22, 2017;9,285,488.00;2,149,226.25;235,159.00;729,262.50;1,184,804.75;7,136,261.75
May 22, 2017;May 29, 2017;9,102,980.00;2,576,514.50;231,691.25;957,097.00;1,387,726.25;6,526,465.50
May 29, 2017;Jun 5, 2017;9,564,576.00;2,365,122.50;153,817.25;902,541.25;1,308,764.00;7,199,453.50
Jun 5, 2017;Jun 12, 2017;9,403,797.00;3,303,327.50;390,720.50;1,673,629.00;1,238,978.00;6,100,469.50
Jun 12, 2017;Jun 19, 2017;9,684,592.00;3,192,291.25;298,167.25;1,535,471.75;1,358,652.25;6,492,300.75
Jun 19, 2017;Jun 26, 2017;10,040,203.00;2,883,385.75;257,475.50;1,236,818.50;1,389,091.75;7,156,817.25
Jun 26, 2017;Jul 3, 2017;9,751,762.00;2,656,890.00;280,724.50;1,407,014.00;969,151.50;7,094,872.00
Jul 3, 2017;Jul 10, 2017;9,474,166.00;2,200,366.50;130,910.75;736,568.00;1,332,887.75;7,273,799.50
Jul 10, 2017;Jul 17, 2017;9,044,015.00;2,172,398.75;198,300.50;946,511.25;1,027,587.00;6,871,616.25
Jul 17, 2017;Jul 24, 2017;8,987,393.00;2,223,827.50;199,206.00;761,358.75;1,263,262.75;6,763,565.50
Jul 24, 2017;Jul 31, 2017;8,892,044.00;2,517,247.75;260,764.75;1,406,445.50;850,037.50;6,374,796.25
Jul 31, 2017;Aug 7, 2017;9,297,757.00;2,675,457.25;321,665.50;1,248,649.00;1,105,142.75;6,622,299.75
Aug 7, 2017;Aug 14, 2017;8,902,066.00;2,075,256.50;196,529.75;1,024,635.25;854,091.50;6,826,809.50
Aug 14, 2017;Aug 21, 2017;9,241,079.00;2,566,387.00;321,537.50;1,131,570.50;1,113,279.00;6,674,692.00
Aug 21, 2017;Aug 28, 2017;9,338,688.00;1,970,841.00;152,040.50;689,905.75;1,128,894.75;7,367,847.00
Aug 28, 2017;Sep 4, 2017;9,384,959.00;1,565,207.25;74,660.00;520,946.00;969,601.25;7,819,751.75
Sep 4, 2017;Sep 11, 2017;9,520,505.00;2,526,363.25;255,652.50;1,514,290.00;756,420.75;6,994,141.75
Sep 11, 2017;Sep 18, 2017;10,115,551.00;3,615,532.75;339,503.00;2,602,369.00;673,660.75;6,500,018.25
Sep 18, 2017;Sep 25, 2017;9,563,204.00;1,174,427.25;77,709.75;338,446.25;758,271.25;8,388,776.75
Sep 25, 2017;Oct 2, 2017;9,832,316.00;1,783,080.25;287,776.00;805,432.50;689,871.75;8,049,235.75
Oct 2, 2017;Oct 9, 2017;10,462,724.00;4,290,153.75;658,082.25;3,208,890.00;423,181.50;6,172,570.25
Oct 9, 2017;Oct 16, 2017;10,415,119.00;2,872,490.75;460,822.50;1,874,306.00;537,362.25;7,542,628.25
Oct 16, 2017;Oct 23, 2017;10,493,785.00;2,331,243.75;423,804.25;1,313,644.50;593,795.00;8,162,541.25
Oct 23, 2017;Oct 30, 2017;10,792,132.00;3,734,315.00;514,777.75;2,931,380.00;288,157.25;7,057,817.00
Oct 30, 2017;Nov 6, 2017;9,744,410.00;2,502,758.75;413,772.50;1,729,468.50;359,517.75;7,241,651.25
Nov 6, 2017;Nov 13, 2017;10,697,855.00;2,110,275.25;357,121.00;1,582,240.50;170,913.75;8,587,579.75
Nov 13, 2017;Nov 20, 2017;10,953,000.00;2,542,306.00;444,357.75;1,855,568.75;242,379.50;8,410,694.00
Nov 20, 2017;Nov 27, 2017;11,346,786.00;3,295,612.75;412,431.25;2,699,850.25;183,331.25;8,051,173.25
Nov 27, 2017;Dec 4, 2017;10,920,183.00;2,118,058.00;309,644.75;1,645,998.25;162,415.00;8,802,125.00
Dec 4, 2017;Dec 11, 2017;11,920,122.00;4,499,454.75;602,066.75;3,766,920.75;130,467.25;7,420,667.25
Dec 11, 2017;Dec 18, 2017;11,338,110.00;3,290,736.50;412,785.00;2,753,230.00;124,721.50;8,047,373.50
Dec 18, 2017;Dec 25, 2017;10,278,656.00;2,373,725.50;326,061.75;1,980,276.75;67,387.00;7,904,930.50
Dec 25, 2017;Jan 1, 2018;10,194,423.00;4,161,401.25;536,507.00;3,497,440.50;127,453.75;6,033,021.75
Jan 1, 2018;Jan 8, 2018;10,274,380.00;3,781,864.75;314,876.50;3,342,740.00;124,248.25;6,492,515.25
Jan 8, 2018;Jan 15, 2018;10,545,245.00;2,293,842.50;337,358.50;1,758,181.50;198,302.50;8,251,402.50
Jan 15, 2018;Jan 22, 2018;11,182,391.00;3,678,155.25;378,290.00;3,152,476.50;147,388.75;7,504,235.75
Jan 22, 2018;Jan 29, 2018;10,812,804.00;3,108,113.00;427,924.75;2,537,774.50;142,413.75;7,704,691.00
Jan 29, 2018;Feb 5, 2018;11,153,886.00;3,501,760.00;478,354.50;2,804,694.25;218,711.25;7,652,126.00
Feb 5, 2018;Feb 12, 2018;10,923,375.00;1,802,664.00;258,948.50;1,185,960.50;357,755.00;9,120,711.00
Feb 12, 2018;Feb 19, 2018;11,012,940.00;2,473,617.50;392,216.50;1,659,487.25;421,913.75;8,539,322.50
Feb 19, 2018;Feb 26, 2018;11,415,375.00;2,328,001.50;175,933.75;1,518,067.25;634,000.50;9,087,373.50
Feb 26, 2018;Mar 5, 2018;12,062,303.00;3,871,270.75;630,752.75;2,549,840.50;690,677.50;8,191,032.25
Mar 5, 2018;Mar 12, 2018;10,583,313.00;2,484,544.75;322,829.00;1,677,718.75;483,997.00;8,098,768.25
Mar 12, 2018;Mar 19, 2018;10,806,321.00;4,195,838.50;440,571.50;3,295,838.00;459,429.00;6,610,482.50
Mar 19, 2018;Mar 26, 2018;10,820,056.00;2,229,954.50;261,635.00;1,251,030.50;717,289.00;8,590,101.50
Mar 26, 2018;Apr 2, 2018;9,821,659.00;2,601,279.75;345,040.50;1,653,216.00;603,023.25;7,220,379.25
Apr 2, 2018;Apr 9, 2018;10,006,251.00;3,664,053.75;398,489.75;2,152,426.00;1,113,138.00;6,342,197.25
Apr 9, 2018;Apr 16, 2018;9,820,823.00;3,196,174.25;472,336.25;1,735,457.75;988,380.25;6,624,648.75
Apr 16, 2018;Apr 23, 2018;9,132,117.00;2,256,285.50;252,536.75;667,963.75;1,335,785.00;6,875,831.50
Apr 23, 2018;Apr 30, 2018;9,253,214.00;3,401,031.00;389,095.50;1,893,688.00;1,118,247.50;5,852,183.00
Apr 30, 2018;May 7, 2018;8,874,217.00;3,340,818.00;296,252.50;1,779,761.00;1,264,804.50;5,533,399.00
May 7, 2018;May 14, 2018;8,588,172.00;3,079,624.00;385,138.75;1,311,490.50;1,382,994.75;5,508,548.00
May 14, 2018;May 21, 2018;8,636,621.00;2,923,194.00;360,001.50;1,327,938.75;1,235,253.75;5,713,427.00
May 21, 2018;May 28, 2018;8,801,437.00;3,200,883.00;387,322.00;1,407,541.25;1,406,019.75;5,600,554.00
May 28, 2018;Jun 4, 2018;8,633,941.00;2,311,580.25;231,065.75;758,278.00;1,322,236.50;6,322,360.75
Jun 4, 2018;Jun 11, 2018;9,075,339.00;2,234,386.75;125,229.00;690,496.00;1,418,661.75;6,840,952.25
Jun 11, 2018;Jun 18, 2018;9,209,615.00;2,258,014.00;281,088.75;819,805.25;1,157,120.00;6,951,601.00
Jun 18, 2018;Jun 25, 2018;9,724,965.00;3,475,713.75;473,116.50;1,902,398.25;1,100,199.00;6,249,251.25
Jun 25, 2018;Jul 2, 2018;9,437,498.00;2,678,479.75;185,519.75;1,077,575.00;1,415,385.00;6,759,018.25
Jul 2, 2018;Jul 9, 2018;9,752,136.00;2,680,009.25;189,492.50;991,072.25;1,499,444.50;7,072,126.75
Jul 9, 2018;Jul 16, 2018;9,587,166.00;2,246,416.75;198,865.75;767,724.25;1,279,826.75;7,340,749.25
Jul 16, 2018;Jul 23, 2018;9,274,601.00;2,029,986.25;62,659.50;623,427.75;1,343,899.00;7,244,614.75
Jul 23, 2018;Jul 30, 2018;9,349,887.00;2,374,332.00;232,574.50;702,456.75;1,439,300.75;6,975,555.00
Jul 30, 2018;Aug 6, 2018;9,582,376.00;2,186,648.00;90,930.50;697,710.50;1,398,007.00;7,395,728.00
Aug 6, 2018;Aug 13, 2018;9,768,872.00;2,991,329.50;261,632.75;1,420,874.25;1,308,822.50;6,777,542.50
Aug 13, 2018;Aug 20, 2018;9,339,812.00;2,345,581.50;204,660.75;978,674.50;1,162,246.25;6,994,230.50
Aug 20, 2018;Aug 27, 2018;9,888,165.00;2,378,432.25;233,315.00;1,043,730.00;1,101,387.25;7,509,732.75
Aug 27, 2018;Sep 3, 2018;10,064,085.00;2,495,987.25;229,020.50;1,384,262.25;882,704.50;7,568,097.75
Sep 3, 2018;Sep 10, 2018;9,525,120.00;2,131,258.00;267,643.75;893,517.50;970,096.75;7,393,862.00
Sep 10, 2018;Sep 17, 2018;9,604,887.00;2,350,771.00;407,269.25;1,011,498.25;932,003.50;7,254,116.00
Sep 17, 2018;Sep 24, 2018;10,117,716.00;3,766,971.50;571,657.50;2,276,772.25;918,541.75;6,350,744.50
Sep 24, 2018;Oct 1, 2018;9,978,164.00;3,343,222.00;558,510.00;1,765,418.75;1,019,293.25;6,634,942.00
Oct 1, 2018;Oct 8, 2018;9,813,045.00;3,059,923.25;474,541.75;1,879,127.25;706,254.25;6,753,121.75
Oct 8, 2018;Oct 15, 2018;10,030,473.00;2,940,855.50;561,319.75;1,453,744.25;925,791.50;7,089,617.50
Oct 15, 2018;Oct 22, 2018;9,626,240.00;1,457,673.50;183,503.00;551,042.00;723,128.50;8,168,566.50
Oct 22, 2018;Oct 29, 2018;10,585,224.00;4,069,677.00;673,931.00;3,084,942.25;310,803.75;6,515,547.00
Oct 29, 2018;Nov 5, 2018;9,744,833.00;3,195,094.25;558,218.25;2,254,588.75;382,287.25;6,549,738.75
Nov 5, 2018;Nov 12, 2018;9,999,785.00;2,398,606.25;489,467.75;1,529,435.50;379,703.00;7,601,178.75
Nov 12, 2018;Nov 19, 2018;10,607,507.00;2,657,732.75;427,166.50;1,833,686.25;396,880.00;7,949,774.25
Nov 19, 2018;Nov 26, 2018;10,958,553.00;2,580,145.75;507,496.75;1,893,063.50;179,585.50;8,378,407.25
Nov 26, 2018;Dec 3, 2018;11,072,895.00;3,315,667.50;622,946.50;2,558,634.25;134,086.75;7,757,227.50
Dec 3, 2018;Dec 10, 2018;11,259,867.00;4,643,184.00;663,669.75;3,858,856.25;120,658.00;6,616,683.00
Dec 10, 2018;Dec 17, 2018;11,409,707.00;2,761,063.75;511,419.25;2,096,407.00;153,237.50;8,648,643.25
Dec 17, 2018;Dec 24, 2018;10,665,599.00;3,008,096.25;416,656.50;2,508,661.25;82,778.50;7,657,502.75
Dec 24, 2018;Dec 31, 2018;9,056,069.00;3,009,599.00;538,657.75;2,320,901.75;150,039.50;6,046,470.00
Dec 31, 2018;Jan 7, 2019;10,186,596.00;3,564,066.50;597,474.25;2,872,801.00;93,791.25;6,622,529.50
Jan 7, 2019;Jan 14, 2019;11,645,694.00;4,583,550.50;636,932.00;3,878,620.50;67,998.00;7,062,143.50
Jan 14, 2019;Jan 21, 2019;11,663,442.00;3,804,200.50;510,949.50;3,037,740.50;255,510.50;7,859,241.50
Jan 21, 2019;Jan 28, 2019;11,081,340.00;2,165,766.00;360,709.00;1,585,883.50;219,173.50;8,915,574.00
Jan 28, 2019;Feb 4, 2019;11,358,572.00;2,559,693.25;493,445.75;1,876,902.50;189,345.00;8,798,878.75
Feb 4, 2019;Feb 11, 2019;11,467,715.00;4,452,472.25;648,132.00;3,525,347.50;278,992.75;7,015,242.75
Feb 11, 2019;Feb 18, 2019;10,989,497.00;3,227,723.75;576,767.25;2,057,929.25;593,027.25;7,761,773.25
Feb 18, 2019;Feb 25, 2019;10,652,816.00;2,788,992.00;481,193.75;1,668,905.00;638,893.25;7,863,824.00
Feb 25, 2019;Mar 4, 2019;10,042,359.00;2,686,326.50;329,666.25;1,694,794.50;661,865.75;7,356,032.50
Mar 4, 2019;Mar 11, 2019;11,249,039.00;5,926,854.00;700,328.50;4,741,030.25;485,495.25;5,322,185.00
Mar 11, 2019;Mar 18, 2019;11,320,781.00;5,992,816.50;746,693.50;4,792,525.50;453,597.50;5,327,964.50
Mar 18, 2019;Mar 25, 2019;10,092,486.00;2,849,475.25;448,356.00;1,415,998.75;985,120.50;7,243,010.75
Mar 25, 2019;Apr 1, 2019;9,610,078.00;2,894,015.50;471,308.75;1,532,494.25;890,212.50;6,716,062.50
Apr 1, 2019;Apr 8, 2019;9,909,903.00;2,805,658.50;310,348.00;1,425,586.00;1,069,724.50;7,104,244.50
Apr 8, 2019;Apr 15, 2019;10,032,172.00;2,771,743.50;384,989.00;1,450,778.00;935,976.50;7,260,428.50
Apr 15, 2019;Apr 22, 2019;9,369,983.00;3,787,244.25;512,213.00;1,668,257.75;1,606,773.50;5,582,738.75
Apr 22, 2019;Apr 29, 2019;8,640,090.00;3,949,451.75;479,353.00;2,204,183.25;1,265,915.50;4,690,638.25
Apr 29, 2019;May 6, 2019;8,472,334.00;3,170,931.25;460,364.25;1,638,800.25;1,071,766.75;5,301,402.75
May 6, 2019;May 13, 2019;8,965,237.00;3,024,869.00;384,813.00;1,643,913.00;996,143.00;5,940,368.00
May 13, 2019;May 20, 2019;8,504,629.00;2,824,246.00;281,184.00;1,316,345.75;1,226,716.25;5,680,383.00
May 20, 2019;May 27, 2019;8,230,236.00;2,852,229.50;374,389.75;1,406,125.25;1,071,714.50;5,378,006.50
May 27, 2019;Jun 3, 2019;7,758,590.00;2,776,199.75;404,263.25;1,111,150.50;1,260,786.00;4,982,390.25
Jun 3, 2019;Jun 10, 2019;8,511,230.00;3,617,817.25;431,552.00;1,684,470.75;1,501,794.50;4,893,412.75
Jun 10, 2019;Jun 17, 2019;7,747,734.00;2,732,682.00;388,302.00;1,117,344.75;1,227,035.25;5,015,052.00
Jun 17, 2019;Jun 24, 2019;7,956,866.00;2,473,022.00;175,881.75;838,953.50;1,458,186.75;5,483,844.00
Jun 24, 2019;Jul 1, 2019;8,743,304.00;3,560,693.75;451,335.50;1,334,247.25;1,775,111.00;5,182,610.25
Jul 1, 2019;Jul 8, 2019;8,823,276.00;3,860,985.25;664,894.50;1,798,537.75;1,397,553.00;4,962,290.75
Jul 8, 2019;Jul 15, 2019;8,173,865.00;2,263,326.25;250,745.50;896,620.25;1,115,960.50;5,910,538.75
Jul 15, 2019;Jul 22, 2019;8,427,380.00;2,488,979.50;298,994.50;880,341.25;1,309,643.75;5,938,400.50
Jul 22, 2019;Jul 29, 2019;8,824,852.00;3,009,410.50;458,564.25;1,096,360.25;1,454,486.00;5,815,441.50
Jul 29, 2019;Aug 5, 2019;7,843,061.00;1,748,408.25;122,159.25;454,690.25;1,171,558.75;6,094,652.75
Aug 5, 2019;Aug 12, 2019;8,571,242.00;3,109,204.25;442,209.50;1,542,721.50;1,124,273.25;5,462,037.75
Aug 12, 2019;Aug 19, 2019;7,923,671.00;2,956,990.25;422,885.50;1,528,576.00;1,005,528.75;4,966,680.75
Aug 19, 2019;Aug 26, 2019;8,170,497.00;2,370,348.50;290,236.00;784,273.00;1,295,839.50;5,800,148.50
Aug 26, 2019;Sep 2, 2019;8,574,256.00;2,031,136.50;222,688.00;577,185.75;1,231,262.75;6,543,119.50
Sep 2, 2019;Sep 9, 2019;8,492,169.00;2,653,070.75;476,781.25;1,208,319.50;967,970.00;5,839,098.25
Sep 9, 2019;Sep 16, 2019;8,694,465.00;2,825,440.25;471,073.75;1,362,955.50;991,411.00;5,869,024.75
Sep 16, 2019;Sep 23, 2019;9,171,159.00;2,958,972.75;424,695.50;1,454,697.75;1,079,579.50;6,212,186.25
Sep 23, 2019;Sep 30, 2019;9,230,535.00;3,060,683.75;491,184.00;1,998,712.50;570,787.25;6,169,851.25
Sep 30, 2019;Oct 7, 2019;9,096,053.00;3,165,057.50;465,332.50;2,173,052.25;526,672.75;5,930,995.50
Oct 7, 2019;Oct 14, 2019;10,255,585.00;4,359,293.25;715,461.75;3,037,119.75;606,711.75;5,896,291.75
Oct 14, 2019;Oct 21, 2019;9,697,939.00;2,941,768.75;495,910.75;1,886,885.50;558,972.50;6,756,170.25
Oct 21, 2019;Oct 28, 2019;9,905,410.00;3,232,053.25;593,974.00;2,074,200.50;563,878.75;6,673,356.75
Oct 28, 2019;Nov 4, 2019;9,503,634.00;2,494,537.50;408,919.50;1,645,302.00;440,316.00;7,009,096.50
Nov 4, 2019;Nov 11, 2019;9,468,578.00;1,742,346.00;319,789.00;1,102,537.75;320,019.25;7,726,232.00
Nov 11, 2019;Nov 18, 2019;10,565,498.00;2,888,009.75;551,363.00;2,051,239.50;285,407.25;7,677,488.25
Nov 18, 2019;Nov 25, 2019;10,155,692.00;2,373,317.75;531,164.50;1,588,058.50;254,094.75;7,782,374.25
Nov 25, 2019;Dec 2, 2019;10,176,830.00;2,771,864.25;489,343.50;2,123,561.75;158,959.00;7,404,965.75
Dec 2, 2019;Dec 9, 2019;11,020,889.00;4,097,110.00;850,177.00;3,008,541.75;238,391.25;6,923,779.00
Dec 9, 2019;Dec 16, 2019;10,968,083.00;4,702,104.75;766,470.50;3,770,820.50;164,813.75;6,265,978.25
Dec 16, 2019;Dec 23, 2019;9,860,850.00;3,485,533.25;740,210.75;2,538,323.25;206,999.25;6,375,316.75
Dec 23, 2019;Dec 30, 2019;7,470,490.00;2,257,118.00;431,038.50;1,657,456.00;168,623.50;5,213,372.00
Dec 30, 2019;Jan 6, 2020;9,447,952.00;3,780,323.25;806,241.25;2,747,795.00;226,287.00;5,667,628.75
Jan 6, 2020;Jan 13, 2020;10,439,961.00;3,944,364.75;795,239.75;2,971,745.75;177,379.25;6,495,596.25
Jan 13, 2020;Jan 20, 2020;10,519,254.00;4,330,111.00;831,272.50;3,210,068.00;288,770.50;6,189,143.00
Jan 20, 2020;Jan 27, 2020;10,271,741.00;1,908,977.00;521,297.00;1,074,772.25;312,907.75;8,362,764.00
Jan 27, 2020;Feb 3, 2020;10,863,216.00;5,648,742.75;782,696.75;4,682,783.75;183,262.25;5,214,473.25
Feb 3, 2020;Feb 10, 2020;10,218,502.00;4,028,675.75;584,941.25;2,975,523.75;468,210.75;6,189,826.25
Feb 10, 2020;Feb 17, 2020;10,878,057.00;5,971,492.75;770,040.25;4,843,581.75;357,870.75;4,906,564.25
Feb 17, 2020;Feb 24, 2020;11,066,303.00;6,378,589.00;950,833.00;5,000,433.75;427,322.25;4,687,714.00
Feb 24, 2020;Mar 2, 2020;10,415,770.00;4,932,494.50;727,904.25;3,751,799.00;452,791.25;5,483,275.50
Mar 2, 2020;Mar 9, 2020;9,760,086.00;3,212,812.00;469,112.00;2,223,345.00;520,355.00;6,547,274.00
Mar 9, 2020;Mar 16, 2020;10,281,528.00;5,237,809.50;848,934.50;3,703,718.50;685,156.50;5,043,718.50
Mar 16, 2020;Mar 23, 2020;9,016,901.00;3,346,470.50;563,329.75;1,782,420.00;1,000,720.75;5,670,430.50
Mar 23, 2020;Mar 30, 2020;9,155,992.00;4,431,985.25;609,945.25;2,371,972.50;1,450,067.50;4,724,006.75
Mar 30, 2020;Apr 6, 2020;8,473,049.00;3,573,743.00;614,413.25;1,646,664.25;1,312,665.50;4,899,306.00
Apr 6, 2020;Apr 13, 2020;7,655,604.00;2,808,798.25;294,643.00;940,316.50;1,573,838.75;4,846,805.75
Apr 13, 2020;Apr 20, 2020;7,700,862.00;3,649,301.50;530,214.25;1,653,105.50;1,465,981.75;4,051,560.50
Apr 20, 2020;Apr 27, 2020;8,284,999.00;4,433,691.75;471,050.00;2,243,848.75;1,718,793.00;3,851,307.25
Apr 27, 2020;May 4, 2020;7,363,389.00;3,029,503.75;290,419.25;1,584,877.00;1,154,207.50;4,333,885.25
May 4, 2020;May 11, 2020;7,285,640.00;2,686,522.25;273,733.75;943,589.25;1,469,199.25;4,599,117.75
May 11, 2020;May 18, 2020;8,074,765.00;3,477,463.00;577,553.00;1,636,043.25;1,263,866.75;4,597,302.00
May 18, 2020;May 25, 2020;7,684,080.00;3,281,674.25;528,272.50;1,436,508.00;1,316,893.75;4,402,405.75
May 25, 2020;Jun 1, 2020;7,948,232.00;3,120,048.75;231,104.00;1,297,474.50;1,591,470.25;4,828,183.25
Jun 1, 2020;Jun 8, 2020;8,069,416.00;3,367,016.25;454,671.25;1,531,788.75;1,380,556.25;4,702,399.75
Jun 8, 2020;Jun 15, 2020;7,867,517.00;2,569,539.50;440,239.00;965,004.00;1,164,296.50;5,297,977.50
Jun 15, 2020;Jun 22, 2020;7,774,381.00;2,129,988.50;149,944.75;819,229.75;1,160,814.00;5,644,392.50
Jun 22, 2020;Jun 29, 2020;8,201,273.00;2,926,932.75;269,973.50;1,001,336.00;1,655,623.25;5,274,340.25
Jun 29, 2020;Jul 6, 2020;8,866,420.00;4,318,280.75;538,225.00;2,493,848.25;1,286,207.50;4,548,139.25
Jul 6, 2020;Jul 13, 2020;7,998,839.00;3,194,095.00;385,403.75;1,471,218.25;1,337,473.00;4,804,744.00
Jul 13, 2020;Jul 20, 2020;7,153,342.00;1,803,450.75;102,059.50;389,311.75;1,312,079.50;5,349,891.25
Jul 20, 2020;Jul 27, 2020;7,892,969.00;2,693,906.00;310,858.75;913,667.00;1,469,380.25;5,199,063.00
Jul 27, 2020;Aug 3, 2020;8,116,949.00;3,255,053.50;509,030.00;1,230,565.25;1,515,458.25;4,861,895.50
Aug 3, 2020;Aug 10, 2020;7,664,027.00;2,327,918.75;234,813.75;567,974.25;1,525,130.75;5,336,108.25
Aug 10, 2020;Aug 17, 2020;8,037,526.00;2,603,380.50;426,368.25;829,447.50;1,347,564.75;5,434,145.50
Aug 17, 2020;Aug 24, 2020;8,086,845.00;2,863,817.50;412,023.75;1,267,217.75;1,184,576.00;5,223,027.50
Aug 24, 2020;Aug 31, 2020;8,282,078.00;3,325,427.00;398,867.75;1,996,689.00;929,870.25;4,956,651.00
Aug 31, 2020;Sep 7, 2020;7,876,433.00;2,420,810.00;350,060.00;1,057,757.50;1,012,992.50;5,455,623.00
Sep 7, 2020;Sep 14, 2020;8,326,169.00;3,036,085.50;599,615.25;1,191,129.75;1,245,340.50;5,290,083.50
Sep 14, 2020;Sep 21, 2020;8,118,143.00;2,557,124.00;207,540.00;999,660.50;1,349,923.50;5,561,019.00
Sep 21, 2020;Sep 28, 2020;7,711,056.00;2,547,788.00;392,819.75;1,293,442.75;861,525.50;5,163,268.00
Sep 28, 2020;Oct 5, 2020;8,205,822.00;2,937,729.50;527,038.25;1,664,927.25;745,764.00;5,268,092.50
Oct 5, 2020;Oct 12, 2020;8,677,555.00;3,793,189.75;671,879.00;2,590,655.25;530,655.50;4,884,365.25
Oct 12, 2020;Oct 19, 2020;8,345,558.00;2,262,651.25;406,148.25;1,440,784.00;415,719.00;6,082,906.75
Oct 19, 2020;Oct 26, 2020;9,105,910.00;3,883,441.50;714,753.50;2,646,620.25;522,067.75;5,222,468.50
Oct 26, 2020;Nov 2, 2020;9,053,882.00;4,137,375.25;772,590.00;3,042,836.00;321,949.25;4,916,506.75
Nov 2, 2020;Nov 9, 2020;8,557,264.00;2,897,136.75;518,829.75;1,856,495.75;521,811.25;5,660,127.25
Nov 9, 2020;Nov 16, 2020;8,558,522.00;2,354,236.75;483,289.75;1,504,792.00;366,155.00;6,204,285.25
Nov 16, 2020;Nov 23, 2020;9,601,813.00;4,724,205.75;997,318.75;3,407,366.75;319,520.25;4,877,607.25
Nov 23, 2020;Nov 30, 2020;8,920,102.00;1,930,730.50;460,366.00;1,141,259.75;329,104.75;6,989,371.50
Nov 30, 2020;Dec 7, 2020;9,110,623.00;2,198,967.50;532,142.25;1,484,924.25;181,901.00;6,911,655.50
Dec 7, 2020;Dec 14, 2020;8,836,632.00;1,698,383.75;421,870.50;1,153,952.75;122,560.50;7,138,248.25
Dec 14, 2020;Dec 21, 2020;9,074,374.00;3,219,949.25;833,916.75;2,204,855.50;181,177.00;5,854,424.75
Dec 21, 2020;Dec 28, 2020;8,230,528.00;3,979,083.00;643,174.75;3,195,114.25;140,794.00;4,251,445.00
Dec 28, 2020;Jan 4, 2021;7,827,131.00;2,167,488.25;339,718.75;1,681,411.25;146,358.25;5,659,642.75
Jan 4, 2021;Jan 11, 2021;10,379,268.00;1,902,940.50;520,146.00;1,289,050.50;93,744.00;8,476,327.50
Jan 11, 2021;Jan 18, 2021;10,869,094.00;3,129,967.25;579,416.00;2,425,396.50;125,154.75;7,739,126.75
Jan 18, 2021;Jan 25, 2021;11,230,614.00;4,382,615.75;683,040.00;3,514,114.00;185,461.75;6,847,998.25
Jan 25, 2021;Feb 1, 2021;10,388,062.00;2,193,444.75;360,011.25;1,652,833.00;180,600.50;8,194,617.25
Feb 1, 2021;Feb 8, 2021;10,580,180.00;3,511,797.75;715,161.00;2,599,781.50;196,855.25;7,068,382.25
Feb 8, 2021;Feb 15, 2021;10,607,042.00;2,450,709.50;535,361.25;1,580,314.00;335,034.25;8,156,332.50
Feb 15, 2021;Feb 22, 2021;10,705,747.00;4,046,483.00;832,280.00;2,647,732.50;566,470.50;6,659,264.00
Feb 22, 2021;Mar 1, 2021;9,516,080.00;3,027,134.75;579,922.00;1,542,948.75;904,264.00;6,488,945.25
Mar 1, 2021;Mar 8, 2021;9,649,301.00;2,211,514.50;265,299.00;986,104.00;960,111.50;7,437,786.50
Mar 8, 2021;Mar 15, 2021;10,898,139.00;4,914,708.00;687,370.00;3,526,406.50;700,931.50;5,983,431.00
Mar 15, 2021;Mar 22, 2021;9,879,903.00;3,222,666.00;497,191.50;1,981,943.75;743,530.75;6,657,237.00
Mar 22, 2021;Mar 29, 2021;10,051,826.00;3,507,816.25;635,824.00;1,903,457.25;968,535.00;6,544,009.75
Mar 29, 2021;Apr 5, 2021;8,969,375.00;3,597,125.25;604,596.00;1,587,457.00;1,405,072.25;5,372,249.75
Apr 5, 2021;Apr 12, 2021;9,896,429.00;4,823,474.75;685,732.00;3,202,961.50;934,781.25;5,072,954.25
Apr 12, 2021;Apr 19, 2021;9,550,836.00;2,632,050.75;321,740.75;1,230,863.50;1,079,446.50;6,918,785.25
Apr 19, 2021;Apr 26, 2021;9,336,405.00;3,260,875.50;398,895.50;1,350,779.25;1,511,200.75;6,075,529.50
Apr 26, 2021;May 3, 2021;8,891,606.00;2,904,053.00;266,355.00;1,240,852.25;1,396,845.75;5,987,553.00
May 3, 2021;May 10, 2021;9,690,209.00;5,050,002.00;457,007.25;3,238,873.25;1,354,121.50;4,640,207.00
May 10, 2021;May 17, 2021;7,646,715.00;2,496,439.25;155,843.00;1,246,206.25;1,094,390.00;5,150,275.75
May 17, 2021;May 24, 2021;8,797,450.00;3,733,799.75;340,875.25;2,061,396.25;1,331,528.25;5,063,650.25
May 24, 2021;May 31, 2021;8,822,123.00;3,667,723.25;299,494.50;1,937,846.75;1,430,382.00;5,154,399.75
May 31, 2021;Jun 7, 2021;7,997,373.00;2,736,243.50;232,051.75;831,721.75;1,672,470.00;5,261,129.50
Jun 7, 2021;Jun 14, 2021;8,420,527.00;2,764,496.50;224,959.75;872,542.00;1,666,994.75;5,656,030.50
Jun 14, 2021;Jun 21, 2021;8,786,888.00;3,217,792.25;299,233.75;910,680.75;2,007,877.75;5,569,095.75
Jun 21, 2021;Jun 28, 2021;8,213,742.00;2,225,181.00;166,893.75;575,036.75;1,483,250.50;5,988,561.00
Jun 28, 2021;Jul 5, 2021;8,090,990.00;2,407,775.75;214,531.75;816,110.00;1,377,134.00;5,683,214.25
Jul 5, 2021;Jul 12, 2021;7,988,297.00;2,329,913.00;223,490.25;811,997.25;1,294,425.50;5,658,384.00
Jul 12, 2021;Jul 19, 2021;8,117,735.00;2,876,812.00;401,696.00;1,102,521.00;1,372,595.00;5,240,923.00
Jul 19, 2021;Jul 26, 2021;7,797,701.00;2,523,047.25;212,729.50;667,239.00;1,643,078.75;5,274,653.75
Jul 26, 2021;Aug 2, 2021;8,359,662.00;3,638,310.75;412,713.75;1,801,036.00;1,424,561.00;4,721,351.25
Aug 2, 2021;Aug 9, 2021;7,607,567.00;2,683,894.00;288,528.75;1,156,834.25;1,238,531.00;4,923,673.00
Aug 9, 2021;Aug 16, 2021;7,636,151.00;2,931,750.25;358,696.00;973,142.25;1,599,912.00;4,704,400.75
Aug 16, 2021;Aug 23, 2021;8,219,202.00;3,573,056.00;483,539.50;2,050,859.75;1,038,656.75;4,646,146.00
Aug 23, 2021;Aug 30, 2021;8,080,294.00;3,098,031.25;565,320.00;1,525,155.50;1,007,555.75;4,982,262.75
Aug 30, 2021;Sep 6, 2021;7,925,424.00;2,423,567.25;180,113.25;832,807.25;1,410,646.75;5,501,856.75
Sep 6, 2021;Sep 13, 2021;8,086,193.00;2,079,221.50;155,670.00;608,659.25;1,314,892.25;6,006,971.50
Sep 13, 2021;Sep 20, 2021;8,214,939.00;2,176,847.50;303,901.25;891,776.00;981,170.25;6,038,091.50
Sep 20, 2021;Sep 27, 2021;8,262,654.00;2,888,416.75;450,192.50;1,444,830.75;993,393.50;5,374,237.25
Sep 27, 2021;Oct 4, 2021;8,775,942.00;3,956,786.50;666,838.75;2,395,416.75;894,531.00;4,819,155.50
Oct 4, 2021;Oct 11, 2021;7,697,490.00;2,373,607.50;348,320.75;1,197,160.00;828,126.75;5,323,882.50
Oct 11, 2021;Oct 18, 2021;8,722,592.00;3,002,734.00;693,979.00;1,663,379.75;645,375.25;5,719,858.00
Oct 18, 2021;Oct 25, 2021;9,549,143.00;4,790,693.50;751,006.50;3,363,790.00;675,897.00;4,758,449.50
Oct 25, 2021;Nov 1, 2021;9,035,003.00;3,845,004.25;784,590.25;2,366,719.75;693,694.25;5,189,998.75
Nov 1, 2021;Nov 8, 2021;9,637,480.00;3,090,360.50;554,910.50;2,208,569.00;326,881.00;6,547,119.50
Nov 8, 2021;Nov 15, 2021;9,802,902.00;1,882,840.50;450,740.00;1,010,553.25;421,547.25;7,920,061.50
Nov 15, 2021;Nov 22, 2021;10,348,915.00;2,955,178.00;684,879.25;2,086,406.00;183,892.75;7,393,737.00
Nov 22, 2021;Nov 29, 2021;10,528,773.00;2,090,297.25;584,069.00;1,282,146.75;224,081.50;8,438,475.75
Nov 29, 2021;Dec 6, 2021;11,134,155.00;4,111,728.75;698,229.50;3,259,766.25;153,733.00;7,022,426.25
Dec 6, 2021;Dec 13, 2021;10,551,327.00;2,457,028.00;621,466.75;1,704,806.75;130,754.50;8,094,299.00
Dec 13, 2021;Dec 20, 2021;10,237,377.00;2,292,339.25;570,883.50;1,612,098.75;109,357.00;7,945,037.75
Dec 20, 2021;Dec 27, 2021;9,564,610.00;2,020,086.25;302,350.00;1,479,701.75;238,034.50;7,544,523.75
Dec 27, 2021;Jan 3, 2022;9,882,042.00;4,539,883.50;783,978.00;3,609,987.75;145,917.75;5,342,158.50
Jan 3, 2022;Jan 10, 2022;10,717,887.00;4,457,730.25;821,654.50;3,457,284.50;178,791.25;6,260,156.75
Jan 10, 2022;Jan 17, 2022;10,092,638.00;2,369,941.75;543,055.75;1,570,621.00;256,265.00;7,722,696.25
Jan 17, 2022;Jan 24, 2022;10,966,765.00;3,840,417.75;765,885.75;2,869,365.75;205,166.25;7,126,347.25
Jan 24, 2022;Jan 31, 2022;11,039,002.00;4,515,746.75;719,925.75;3,515,387.75;280,433.25;6,523,255.25
Jan 31, 2022;Feb 7, 2022;11,556,726.00;5,529,256.50;854,040.25;4,455,985.50;219,230.75;6,027,469.50
Feb 7, 2022;Feb 14, 2022;11,291,037.00;4,861,678.50;838,206.50;3,439,529.00;583,943.00;6,429,358.50
Feb 14, 2022;Feb 21, 2022;11,889,119.00;6,529,455.50;814,826.75;5,254,915.25;459,713.50;5,359,663.50
Feb 21, 2022;Feb 28, 2022;11,510,732.00;5,338,384.75;722,698.50;3,845,430.75;770,255.50;6,172,347.25
Feb 28, 2022;Mar 7, 2022;9,760,612.00;2,362,365.50;276,398.00;923,743.75;1,162,223.75;7,398,246.50
Mar 7, 2022;Mar 14, 2022;10,424,655.00;4,226,640.50;539,629.50;2,226,957.75;1,460,053.25;6,198,014.50
Mar 14, 2022;Mar 21, 2022;10,060,477.00;3,527,560.50;408,047.25;2,051,238.50;1,068,274.75;6,532,916.50
Mar 21, 2022;Mar 28, 2022;9,261,204.00;2,498,054.50;143,649.25;752,280.00;1,602,125.25;6,763,149.50
Mar 28, 2022;Apr 4, 2022;9,937,175.00;3,161,778.00;395,397.25;1,980,914.50;785,466.25;6,775,397.00
Apr 4, 2022;Apr 11, 2022;11,346,024.00;6,113,015.25;750,749.25;4,516,085.25;846,180.75;5,233,008.75
Apr 11, 2022;Apr 18, 2022;8,933,610.00;3,130,781.75;327,284.00;1,248,882.50;1,554,615.25;5,802,828.25
Apr 18, 2022;Apr 25, 2022;9,418,006.00;3,931,406.25;487,202.75;1,940,135.00;1,504,068.50;5,486,599.75
Apr 25, 2022;May 2, 2022;8,530,155.00;2,107,467.50;105,613.50;612,639.25;1,389,214.75;6,422,687.50
May 2, 2022;May 9, 2022;8,428,288.00;2,186,112.00;124,457.25;472,879.25;1,588,775.50;6,242,176.00
May 9, 2022;May 16, 2022;8,863,493.00;3,932,478.25;442,620.75;1,609,288.25;1,880,569.25;4,931,014.75
May 16, 2022;May 23, 2022;8,442,741.00;3,346,778.50;267,783.25;1,340,307.50;1,738,687.75;5,095,962.50
May 23, 2022;May 30, 2022;9,399,839.00;4,925,183.25;665,782.75;2,735,478.50;1,523,922.00;4,474,655.75
May 30, 2022;Jun 6, 2022;8,314,325.00;2,723,955.00;159,065.50;801,076.50;1,763,813.00;5,590,370.00
Jun 6, 2022;Jun 13, 2022;8,418,630.00;3,254,636.75;403,835.75;1,216,688.00;1,634,113.00;5,163,993.25
Jun 13, 2022;Jun 20, 2022;8,617,810.00;3,312,479.50;219,604.75;1,051,304.50;2,041,570.25;5,305,330.50
Jun 20, 2022;Jun 27, 2022;8,517,115.00;2,802,606.25;188,985.00;830,012.25;1,783,609.00;5,714,508.75
Jun 27, 2022;Jul 4, 2022;8,753,308.00;2,881,818.50;286,087.75;893,337.00;1,702,393.75;5,871,489.50
Jul 4, 2022;Jul 11, 2022;9,351,083.00;4,140,007.00;573,293.50;1,901,793.00;1,664,920.50;5,211,076.00
Jul 11, 2022;Jul 18, 2022;8,773,621.00;3,435,944.00;368,386.75;1,191,517.75;1,876,039.50;5,337,677.00
Jul 18, 2022;Jul 25, 2022;8,804,747.00;3,123,971.00;337,027.50;842,404.50;1,944,539.00;5,680,776.00
Jul 25, 2022;Aug 1, 2022;8,560,143.00;3,054,917.25;305,428.25;1,096,008.25;1,653,480.75;5,505,225.75
Aug 1, 2022;Aug 8, 2022;8,514,465.00;2,818,794.75;266,072.00;732,540.25;1,820,182.50;5,695,670.25
Aug 8, 2022;Aug 15, 2022;8,281,158.00;2,944,478.75;97,400.25;793,963.25;2,053,115.25;5,336,679.25
Aug 15, 2022;Aug 22, 2022;8,124,561.00;2,157,122.25;175,967.50;548,451.25;1,432,703.50;5,967,438.75
Aug 22, 2022;Aug 29, 2022;8,828,029.00;2,625,423.75;305,924.50;852,932.50;1,466,566.75;6,202,605.25
Aug 29, 2022;Sep 5, 2022;9,293,619.00;3,110,336.50;383,804.50;1,214,312.25;1,512,219.75;6,183,282.50
Sep 5, 2022;Sep 12, 2022;8,880,634.00;2,728,092.50;349,024.50;1,194,585.00;1,184,483.00;6,152,541.50
Sep 12, 2022;Sep 19, 2022;9,593,365.00;3,859,754.25;729,320.75;2,221,611.00;908,822.50;5,733,610.75
Sep 19, 2022;Sep 26, 2022;8,650,725.00;2,135,459.50;290,776.00;714,298.75;1,130,384.75;6,515,265.50
Sep 26, 2022;Oct 3, 2022;9,322,566.00;3,163,720.75;463,057.50;1,978,901.75;721,761.50;6,158,845.25
Oct 3, 2022;Oct 10, 2022;9,422,329.00;4,090,602.25;742,700.25;2,190,423.50;1,157,478.50;5,331,726.75
Oct 10, 2022;Oct 17, 2022;8,950,196.00;2,646,849.25;495,400.25;1,367,231.25;784,217.75;6,303,346.75
Oct 17, 2022;Oct 24, 2022;8,757,731.00;2,846,490.50;492,424.75;1,637,708.50;716,357.25;5,911,240.50
Oct 24, 2022;Oct 31, 2022;8,469,527.00;3,214,818.25;517,528.25;1,958,204.50;739,085.50;5,254,708.75
Oct 31, 2022;Nov 7, 2022;9,186,475.00;3,959,856.75;772,678.00;2,639,314.25;547,864.50;5,226,618.25
Nov 7, 2022;Nov 14, 2022;9,425,246.00;3,974,435.00;713,058.00;2,689,451.50;571,925.50;5,450,811.00
Nov 14, 2022;Nov 21, 2022;9,895,817.00;3,430,919.75;649,261.00;2,431,381.00;350,277.75;6,464,897.25
Nov 21, 2022;Nov 28, 2022;9,946,766.00;2,873,297.50;572,741.00;1,998,348.00;302,208.50;7,073,468.50
Nov 28, 2022;Dec 5, 2022;9,967,620.00;1,799,322.25;474,728.75;1,194,763.75;129,829.75;8,168,297.75
Dec 5, 2022;Dec 12, 2022;9,859,957.00;1,525,750.25;422,355.75;957,717.00;145,677.50;8,334,206.75
Dec 12, 2022;Dec 19, 2022;9,894,669.00;1,744,396.00;429,680.25;1,080,691.25;234,024.50;8,150,273.00
Dec 19, 2022;Dec 26, 2022;-;3,747,864.00;648,612.00;2,981,451.00;117,801.00;-
Dec 26, 2022;Jan 2, 2023;10,213,744.00;5,851,146.00;844,595.75;4,758,375.50;248,174.75;4,362,598.00
Jan 2, 2023;Jan 9, 2023;9,790,322.00;4,616,249.00;781,901.25;3,613,754.25;220,593.50;5,174,073.00
Jan 9, 2023;Jan 16, 2023;11,029,756.00;6,045,717.50;837,920.75;5,031,970.50;175,826.25;4,984,038.50
Jan 16, 2023;Jan 23, 2023;10,054,746.00;3,070,805.50;481,269.75;2,333,590.50;255,945.25;6,983,940.50
Jan 23, 2023;Jan 30, 2023;9,362,369.00;1,654,260.25;364,181.25;1,117,477.50;172,601.50;7,708,108.75
Jan 30, 2023;Feb 6, 2023;10,575,695.00;5,443,942.25;663,890.75;4,555,081.25;224,970.25;5,131,752.75
Feb 6, 2023;Feb 13, 2023;9,822,282.00;2,828,552.50;444,562.25;1,707,431.75;676,558.50;6,993,729.50
Feb 13, 2023;Feb 20, 2023;9,776,693.00;3,336,457.50;345,794.50;2,408,354.75;582,308.25;6,440,235.50
Feb 20, 2023;Feb 27, 2023;9,922,834.00;4,045,510.50;551,136.50;2,926,158.25;568,215.75;5,877,323.50
Feb 27, 2023;Mar 6, 2023;9,435,562.00;2,782,844.25;282,870.50;1,568,738.50;931,235.25;6,652,717.75
Mar 6, 2023;Mar 13, 2023;9,500,017.00;3,569,449.00;428,075.50;2,622,664.00;518,709.50;5,930,568.00
Mar 13, 2023;Mar 20, 2023;9,524,314.00;4,662,495.25;599,679.25;3,148,292.75;914,523.25;4,861,818.75
Mar 20, 2023;Mar 27, 2023;9,663,743.00;4,910,059.50;638,806.25;3,466,918.50;804,334.75;4,753,683.50
Mar 27, 2023;Apr 3, 2023;9,413,459.00;4,549,179.25;595,740.75;3,102,211.75;851,226.75;4,864,279.75
Apr 3, 2023;Apr 10, 2023;7,968,966.00;2,471,261.50;224,059.75;874,777.75;1,372,424.00;5,497,704.50
Apr 10, 2023;Apr 17, 2023;8,499,418.00;3,718,999.00;516,747.00;2,175,708.50;1,026,543.50;4,780,419.00
Apr 17, 2023;Apr 24, 2023;8,637,145.00;4,359,988.25;495,717.50;2,446,470.25;1,417,800.50;4,277,156.75
Apr 24, 2023;May 1, 2023;7,961,475.00;3,634,675.50;403,232.50;1,856,525.75;1,374,917.25;4,326,799.50
May 1, 2023;May 8, 2023;7,607,259.00;3,431,424.00;399,432.50;1,395,978.50;1,636,013.00;4,175,835.00
May 8, 2023;May 15, 2023;7,537,892.00;3,285,315.25;310,507.50;1,522,597.00;1,452,210.75;4,252,576.75
May 15, 2023;May 22, 2023;7,778,708.00;3,898,320.00;380,112.25;1,750,957.50;1,767,250.25;3,880,388.00
May 22, 2023;May 29, 2023;7,712,292.00;3,767,157.00;364,033.25;1,381,490.25;2,021,633.50;3,945,135.00
May 29, 2023;Jun 5, 2023;7,554,968.00;3,942,783.00;288,747.25;1,276,600.00;2,377,435.75;3,612,185.00
Jun 5, 2023;Jun 12, 2023;7,623,843.00;3,635,890.00;282,566.75;1,179,676.75;2,173,646.50;3,987,953.00
Jun 12, 2023;Jun 19, 2023;7,662,263.00;3,450,714.25;219,660.25;1,022,722.00;2,208,332.00;4,211,548.75
Jun 19, 2023;Jun 26, 2023;7,551,348.00;2,964,040.25;164,274.50;931,192.75;1,868,573.00;4,587,307.75
Jun 26, 2023;Jul 3, 2023;7,855,063.00;3,862,431.25;378,729.00;1,786,000.50;1,697,701.75;3,992,631.75
Jul 3, 2023;Jul 10, 2023;8,250,422.00;4,592,080.25;435,829.75;2,030,994.25;2,125,256.25;3,658,341.75
Jul 10, 2023;Jul 17, 2023;7,899,700.00;4,117,253.75;396,974.50;1,743,888.75;1,976,390.50;3,782,446.25
Jul 17, 2023;Jul 24, 2023;7,576,652.00;3,512,069.50;338,065.00;1,446,776.00;1,727,228.50;4,064,582.50
Jul 24, 2023;Jul 31, 2023;7,183,447.00;3,580,114.00;330,330.00;1,958,836.50;1,290,947.50;3,603,333.00
Jul 31, 2023;Aug 7, 2023;7,497,063.00;3,945,279.75;324,021.50;2,468,391.50;1,152,866.75;3,551,783.25
Aug 7, 2023;Aug 14, 2023;7,726,127.00;4,109,789.75;403,950.50;2,054,727.75;1,651,111.50;3,616,337.25
Aug 14, 2023;Aug 21, 2023;6,600,716.00;2,666,183.00;280,374.75;644,656.50;1,741,151.75;3,934,533.00
Aug 21, 2023;Aug 28, 2023;7,084,881.00;2,311,345.25;120,242.00;617,854.75;1,573,248.50;4,773,535.75
Aug 28, 2023;Sep 4, 2023;6,805,501.00;2,096,373.75;134,603.00;767,614.75;1,194,156.00;4,709,127.25
Sep 4, 2023;Sep 11, 2023;7,212,388.00;2,997,447.00;155,305.50;803,193.25;2,038,948.25;4,214,941.00
Sep 11, 2023;Sep 18, 2023;7,067,452.00;2,451,169.50;215,331.75;670,857.25;1,564,980.50;4,616,282.50
Sep 18, 2023;Sep 25, 2023;7,918,563.00;4,277,459.00;523,130.50;2,520,241.25;1,234,087.25;3,641,104.00
Sep 25, 2023;Oct 2, 2023;7,326,168.00;2,987,772.75;438,747.25;1,133,461.75;1,415,563.75;4,338,395.25
Oct 2, 2023;Oct 9, 2023;8,220,466.00;4,325,991.00;499,925.75;2,785,461.25;1,040,604.00;3,894,475.00
Oct 9, 2023;Oct 16, 2023;8,982,759.00;4,527,731.25;564,163.50;3,135,205.25;828,362.50;4,455,027.75
Oct 16, 2023;Oct 23, 2023;8,439,083.00;3,878,607.50;539,989.25;2,605,739.00;732,879.25;4,560,475.50
Oct 23, 2023;Oct 30, 2023;8,243,641.00;3,156,390.75;630,010.00;2,056,905.75;469,475.00;5,087,250.25
Oct 30, 2023;Nov 6, 2023;8,748,359.00;4,904,728.50;671,309.00;3,763,812.25;469,607.25;3,843,630.50
Nov 6, 2023;Nov 13, 2023;8,930,960.00;4,455,770.50;525,684.00;3,491,678.50;438,408.00;4,475,189.50
Nov 13, 2023;Nov 20, 2023;8,981,253.00;4,078,365.50;442,862.25;3,353,691.25;281,812.00;4,902,887.50
Nov 20, 2023;Nov 27, 2023;9,342,826.00;4,046,891.75;550,737.75;3,217,659.75;278,494.25;5,295,934.25
Nov 27, 2023;Dec 4, 2023;8,868,191.00;1,932,408.25;344,434.25;1,413,817.25;174,156.75;6,935,782.75
Dec 4, 2023;Dec 11, 2023;9,391,723.00;3,427,967.25;623,354.00;2,681,859.75;122,753.50;5,963,755.75
Dec 11, 2023;Dec 18, 2023;9,064,789.00;3,417,186.25;663,447.75;2,564,668.75;189,069.75;5,647,602.75
Dec 18, 2023;Dec 25, 2023;10,354,884.00;6,610,871.50;751,280.75;5,688,012.25;171,578.50;3,744,012.50
Dec 25, 2023;Jan 1, 2024;9,524,462.00;6,135,769.00;761,593.50;5,119,143.75;255,031.75;3,388,693.00
Jan 1, 2024;Jan 8, 2024;8,917,021.00;4,764,720.50;679,217.00;3,918,692.50;166,811.00;4,152,300.50
Jan 8, 2024;Jan 15, 2024;9,376,802.00;3,157,699.50;498,706.00;2,257,697.25;401,296.25;6,219,102.50
Jan 15, 2024;Jan 22, 2024;9,920,625.00;4,376,428.25;759,811.75;3,342,228.00;274,388.50;5,544,196.75
Jan 22, 2024;Jan 29, 2024;10,161,930.00;6,088,244.00;751,604.00;4,942,345.75;394,294.25;4,073,686.00
Jan 29, 2024;Feb 5, 2024;9,954,228.00;5,465,256.75;783,686.75;4,257,702.00;423,868.00;4,488,971.25
Feb 5, 2024;Feb 12, 2024;9,582,032.00;4,835,838.25;649,544.25;3,804,870.25;381,423.75;4,746,193.75
Feb 12, 2024;Feb 19, 2024;8,355,221.00;3,720,467.25;639,854.50;2,540,121.00;540,491.75;-
Feb 19, 2024;Feb 26, 2024;9,278,302.00;4,997,180.75;672,093.25;3,634,711.25;690,376.25;4,281,121.25
Feb 26, 2024;Mar 4, 2024;8,140,339.00;3,163,831.75;565,240.50;1,669,309.00;929,282.25;4,976,507.25
Mar 4, 2024;Mar 11, 2024;8,775,257.00;3,872,421.75;687,514.25;2,144,927.75;1,039,979.75;4,902,835.25
Mar 11, 2024;Mar 18, 2024;8,462,499.00;3,715,466.50;699,736.25;2,081,519.25;934,211.00;4,747,032.50
Mar 18, 2024;Mar 25, 2024;8,397,956.00;3,616,600.25;560,444.50;2,008,609.00;1,047,546.75;4,781,355.75
Mar 25, 2024;Apr 1, 2024;7,803,200.00;4,034,207.25;426,208.75;2,249,876.75;1,358,121.75;3,768,992.75
Apr 1, 2024;Apr 8, 2024;8,742,167.00;5,174,609.50;662,523.75;3,306,941.50;1,205,144.25;3,567,557.50
Apr 8, 2024;Apr 15, 2024;8,458,490.00;4,754,660.75;673,697.75;2,483,298.25;1,597,664.75;3,703,829.25
Apr 15, 2024;Apr 22, 2024;8,207,739.00;4,076,017.75;480,797.25;2,392,668.75;1,202,551.75;4,131,721.25
Apr 22, 2024;Apr 29, 2024;8,012,459.00;3,294,551.75;334,240.25;1,333,544.75;1,626,766.75;4,717,907.25
Apr 29, 2024;May 6, 2024;7,808,016.00;4,347,460.50;539,288.50;1,905,965.50;1,902,206.50;3,460,555.50
May 6, 2024;May 13, 2024;6,954,133.00;2,881,557.25;147,935.00;755,228.00;1,978,394.25;4,072,575.75
May 13, 2024;May 20, 2024;8,511,074.00;5,269,786.75;697,246.50;2,501,078.50;2,071,461.75;3,241,287.25
May 20, 2024;May 27, 2024;7,249,985.00;3,234,018.00;338,771.25;986,756.00;1,908,490.75;4,015,967.00
May 27, 2024;Jun 3, 2024;7,169,666.00;3,161,144.75;408,544.25;1,215,874.50;1,536,726.00;4,008,521.25
Jun 3, 2024;Jun 10, 2024;7,855,866.00;3,878,026.00;499,919.75;1,184,304.50;2,193,801.75;3,977,840.00
Jun 10, 2024;Jun 17, 2024;8,144,846.00;4,415,786.00;526,208.75;1,881,535.00;2,008,042.25;3,729,060.00
Jun 17, 2024;Jun 24, 2024;6,975,397.00;3,145,808.50;177,976.25;966,474.75;2,001,357.50;-
Jun 24, 2024;Jul 1, 2024;-;3,651,379.00;199,584.50;1,005,657.25;2,446,137.25;-
